Location Id,Bay Id,Bay Type,Bay Tailer Type,Bay Operating Time,Bay Cooloff Time (Mins)
2005,1,Both,Normal,00:00 - 23:59,00:15
2008,1,Both,Double Decker,00:00 - 23:59,00:15
2013,1,Both,Normal,00:00 - 23:59,00:15
2017,1,Both,Double Decker,00:00 - 23:59,00:05
2017,1,Both,Normal,00:00 - 23:59,00:05
2020,1,Both,Normal,00:00 - 23:59,00:15
2025,1,Both,Normal,00:00 - 23:59,00:15
2030,1,Both,Normal,00:00 - 23:59,00:15
2032,1,Both,Normal,00:00 - 23:59,00:15
2038,1,Both,Double Decker,00:00 - 23:59,00:15
2041,1,Both,Double Decker,00:00 - 23:59,00:15
2043,1,Both,Normal,00:00 - 23:59,00:15
2044,1,Both,Normal,00:00 - 23:59,00:15
2047,1,Both,Double Decker,00:00 - 23:59,00:15
2048,1,Both,Normal,00:00 - 23:59,00:15
2064,1,Both,Double Decker,00:00 - 23:59,00:15
2080,1,Both,Normal,00:00 - 23:59,00:15
2089,1,Both,Normal,00:00 - 23:59,00:15
2102,1,Both,Normal,00:00 - 23:59,00:15
2111,1,Both,Normal,00:00 - 23:59,00:15
2115,1,Both,Normal,00:00 - 23:59,00:15
2117,1,Both,Normal,00:00 - 23:59,00:15
2120,1,Both,Normal,00:00 - 23:59,00:15
2124,1,Both,Normal,00:00 - 23:59,00:15
2125,1,Both,Normal,00:00 - 23:59,00:15
2132,1,Both,Normal,00:00 - 23:59,00:15
2156,1,Both,Normal,00:00 - 23:59,00:15
2160,1,Both,Normal,00:00 - 23:59,00:15
2162,1,Both,Double Decker,00:00 - 23:59,00:15
2163,1,Both,Normal,00:00 - 23:59,00:15
2164,1,Both,Normal,00:00 - 23:59,00:15
2170,1,Both,Normal,00:00 - 23:59,00:15
2175,1,Both,Normal,00:00 - 23:59,00:15
2185,1,Both,Normal,00:00 - 23:59,00:15
2193,1,Both,Normal,00:00 - 23:59,00:15
2194,1,Both,Normal,00:00 - 23:59,00:15
2198,1,Both,Normal,00:00 - 23:59,00:15
2214,1,Both,Normal,00:00 - 23:59,00:15
2219,1,Both,Normal,00:00 - 23:59,00:15
2223,1,Both,Normal,00:00 - 23:59,00:15
2234,1,Both,Normal,00:00 - 23:59,00:15
2247,1,Both,Normal,00:00 - 23:59,00:15
2255,1,Both,Normal,00:00 - 23:59,00:15
2257,1,Both,Normal,00:00 - 23:59,00:15
2266,1,Both,Normal,00:00 - 23:59,00:15
2267,1,Both,Normal,00:00 - 23:59,00:15
2279,1,Both,Normal,00:00 - 23:59,00:15
2282,1,Both,Normal,00:00 - 23:59,00:15
2284,1,Both,Normal,00:00 - 23:59,00:15
2302,1,Both,Normal,00:00 - 23:59,00:15
2305,1,Both,Normal,00:00 - 23:59,00:15
2313,1,Both,Normal,00:00 - 23:59,00:15
2318,1,Both,Normal,00:00 - 23:59,00:15
2319,1,Both,Normal,00:00 - 23:59,00:15
2321,1,Both,Normal,00:00 - 23:59,00:15
2322,1,Both,Normal,00:00 - 23:59,00:15
2323,1,Both,Normal,00:00 - 23:59,00:15
2325,1,Both,Normal,00:00 - 23:59,00:15
2328,1,Both,Normal,00:00 - 23:59,00:15
2334,1,Both,Normal,00:00 - 23:59,00:15
2335,1,Both,Normal,00:00 - 23:59,00:15
2338,1,Both,Normal,00:00 - 23:59,00:15
2339,1,Both,Normal,00:00 - 23:59,00:15
2341,1,Both,Normal,00:00 - 23:59,00:15
2344,1,Both,Normal,00:00 - 23:59,00:15
2347,1,Both,Normal,00:00 - 23:59,00:15
2355,1,Both,Normal,00:00 - 23:59,00:15
2364,1,Both,Normal,00:00 - 23:59,00:15
2366,1,Both,Normal,00:00 - 23:59,00:15
2367,1,Both,Normal,00:00 - 23:59,00:15
2368,1,Both,Normal,00:00 - 23:59,00:15
2369,1,Both,Normal,00:00 - 23:59,00:15
2372,1,Both,Normal,00:00 - 23:59,00:15
2374,1,Both,Normal,00:00 - 23:59,00:15
2379,1,Both,Normal,00:00 - 23:59,00:15
2380,1,Both,Normal,00:00 - 23:59,00:15
2381,1,Both,Normal,00:00 - 23:59,00:15
2384,1,Both,Normal,00:00 - 23:59,00:15
2385,1,Both,Normal,00:00 - 23:59,00:15
2386,1,Both,Normal,00:00 - 23:59,00:15
2404,1,Both,Normal,00:00 - 23:59,00:15
2413,1,Both,Normal,00:00 - 23:59,00:15
2415,1,Both,Normal,00:00 - 23:59,00:15
2423,1,Both,Double Decker,00:00 - 23:59,00:15
2425,1,Both,Normal,00:00 - 23:59,00:15
2446,1,Both,Normal,00:00 - 23:59,00:15
2447,1,Both,Normal,00:00 - 23:59,00:15
2452,1,Both,Normal,00:00 - 23:59,00:15
2454,1,Both,Normal,00:00 - 23:59,00:15
2475,1,Both,Normal,00:00 - 23:59,00:15
2484,1,Both,Normal,00:00 - 23:59,00:15
2488,1,Both,Normal,00:00 - 23:59,00:15
2494,1,Both,Normal,00:00 - 23:59,00:15
2496,1,Both,Normal,00:00 - 23:59,00:15
2499,1,Both,Normal,00:00 - 23:59,00:15
2501,1,Both,Normal,00:00 - 23:59,00:15
2503,1,Both,Normal,00:00 - 23:59,00:15
2504,1,Both,Normal,00:00 - 23:59,00:15
2505,1,Both,Normal,00:00 - 23:59,00:15
2509,1,Both,Normal,00:00 - 23:59,00:15
2510,1,Both,Normal,00:00 - 23:59,00:15
2511,1,Both,Normal,00:00 - 23:59,00:15
2514,1,Both,Normal,00:00 - 23:59,00:15
2515,1,Both,Normal,00:00 - 23:59,00:15
2516,1,Both,Normal,00:00 - 23:59,00:15
2518,1,Both,Normal,00:00 - 23:59,00:15
2520,1,Both,Normal,00:00 - 23:59,00:15
2530,1,Both,Normal,00:00 - 23:59,00:15
2532,1,Both,Normal,00:00 - 23:59,00:15
2537,1,Both,Normal,00:00 - 23:59,00:15
2538,1,Both,Normal,00:00 - 23:59,00:15
2552,1,Both,Normal,00:00 - 23:59,00:15
2563,1,Both,Normal,00:00 - 23:59,00:15
2564,1,Both,Normal,00:00 - 23:59,00:15
2586,1,Both,Normal,00:00 - 23:59,00:15
2590,1,Both,Double Decker,00:00 - 23:59,00:15
2594,1,Both,Normal,00:00 - 23:59,00:15
2606,1,Both,Normal,00:00 - 23:59,00:15
2608,1,Both,Normal,00:00 - 23:59,00:15
2609,1,Both,Normal,00:00 - 23:59,00:15
2611,1,Both,Normal,00:00 - 23:59,00:15
2624,1,Both,Normal,00:00 - 23:59,00:15
2628,1,Both,Normal,00:00 - 23:59,00:15
2636,1,Both,Normal,00:00 - 23:59,00:15
2637,1,Both,Normal,00:00 - 23:59,00:15
2640,1,Both,Normal,00:00 - 23:59,00:15
2641,1,Both,Normal,00:00 - 23:59,00:15
2642,1,Both,Normal,00:00 - 23:59,00:15
2644,1,Both,Normal,00:00 - 23:59,00:15
2650,1,Both,Normal,00:00 - 23:59,00:15
2653,1,Both,Normal,00:00 - 23:59,00:15
2657,1,Both,Normal,00:00 - 23:59,00:15
2663,1,Both,Normal,00:00 - 23:59,00:15
2668,1,Both,Normal,00:00 - 23:59,00:15
2670,1,Both,Normal,00:00 - 23:59,00:15
2675,1,Both,Normal,00:00 - 23:59,00:15
2679,1,Both,Normal,00:00 - 23:59,00:15
2683,1,Both,Normal,00:00 - 23:59,00:15
2688,1,Both,Normal,00:00 - 23:59,00:15
2695,1,Both,Normal,00:00 - 23:59,00:15
2696,1,Both,Normal,00:00 - 23:59,00:15
2700,1,Both,Normal,00:00 - 23:59,00:15
2704,1,Both,Normal,00:00 - 23:59,00:15
2708,1,Both,Normal,00:00 - 23:59,00:05
2713,1,Both,Normal,00:00 - 23:59,00:15
2724,1,Both,Normal,00:00 - 23:59,00:15
2733,1,Both,Double Decker,00:00 - 23:59,00:15
2763,1,Both,Normal,00:00 - 23:59,00:15
2768,1,Both,Normal,00:00 - 23:59,00:15
2770,1,Both,Double Decker,00:00 - 23:59,00:15
2772,1,Both,Double Decker,00:00 - 23:59,00:15
2773,1,Both,Normal,00:00 - 23:59,00:15
2780,1,Both,Normal,00:00 - 23:59,00:15
2782,1,Both,Normal,00:00 - 23:59,00:15
2785,1,Both,Normal,00:00 - 23:59,00:15
2788,1,Both,Normal,00:00 - 23:59,00:15
2793,1,Both,Normal,00:00 - 23:59,00:15
2802,1,Both,Normal,00:00 - 23:59,00:15
2811,1,Both,Normal,00:00 - 23:59,00:15
2812,1,Both,Normal,00:00 - 23:59,00:15
2813,1,Both,Normal,00:00 - 23:59,00:15
2817,1,Both,Normal,00:00 - 23:59,00:15
2819,1,Both,Double Decker,00:00 - 23:59,00:15
2820,1,Both,Normal,00:00 - 23:59,00:15
2822,1,Both,Normal,00:00 - 23:59,00:15
2825,1,Both,Normal,00:00 - 23:59,00:15
2833,1,Both,Double Decker,00:00 - 23:59,00:15
2843,1,Both,Normal,00:00 - 23:59,00:15
2844,1,Both,Normal,00:00 - 23:59,00:15
2845,1,Both,Normal,00:00 - 23:59,00:15
2846,1,Both,Double Decker,00:00 - 23:59,00:15
2847,1,Both,Normal,00:00 - 23:59,00:15
2849,1,Both,Normal,00:00 - 23:59,00:15
2850,1,Both,Double Decker,00:00 - 23:59,00:15
2853,1,Both,Normal,00:00 - 23:59,00:15
2869,1,Both,Normal,00:00 - 23:59,00:15
2878,1,Both,Normal,00:00 - 23:59,00:15
2880,1,Both,Normal,00:00 - 23:59,00:15
2900,1,Both,Double Decker,00:00 - 23:59,00:15
2919,1,Both,Normal,00:00 - 23:59,00:15
2924,1,Both,Double Decker,00:00 - 23:59,00:15
2927,1,Both,Normal,00:00 - 23:59,00:15
2933,1,Both,Normal,00:00 - 23:59,00:15
2949,1,Both,Normal,00:00 - 23:59,00:15
2950,1,Both,Normal,00:00 - 23:59,00:15
2959,1,Both,Normal,00:00 - 23:59,00:15
2960,1,Both,Normal,00:00 - 23:59,00:15
2964,1,Both,Normal,00:00 - 23:59,00:15
2966,1,Both,Normal,00:00 - 23:59,00:15
2972,1,Both,Normal,00:00 - 23:59,00:15
2974,1,Both,Normal,00:00 - 23:59,00:15
2975,1,Both,Normal,00:00 - 23:59,00:15
2990,1,Both,Normal,00:00 - 23:59,00:15
2994,1,Both,Normal,00:00 - 23:59,00:15
2996,1,Both,Normal,00:00 - 23:59,00:15
2997,1,Both,Normal,00:00 - 23:59,00:15
3015,1,Both,Normal,00:00 - 23:59,00:15
3020,1,Both,Normal,00:00 - 23:59,00:15
3025,1,Both,Normal,00:00 - 23:59,00:15
3030,1,Both,Normal,00:00 - 23:59,00:15
3036,1,Both,Double Decker,00:00 - 23:59,00:15
3040,1,Both,Double Decker,00:00 - 23:59,00:15
3045,1,Both,Normal,00:00 - 23:59,00:15
3047,1,Both,Double Decker,00:00 - 23:59,00:15
3048,1,Both,Normal,00:00 - 23:59,00:15
3052,1,Both,Normal,00:00 - 23:59,00:15
3054,1,Both,Normal,00:00 - 23:59,00:15
3055,1,Both,Normal,00:00 - 23:59,00:15
3058,1,Both,Normal,00:00 - 23:59,00:15
3062,1,Both,Normal,00:00 - 23:59,00:15
3073,1,Both,Normal,00:00 - 23:59,00:15
3075,1,Both,Normal,00:00 - 23:59,00:15
3076,1,Both,Normal,00:00 - 23:59,00:15
3080,1,Both,Normal,00:00 - 23:59,00:15
3083,1,Both,Normal,00:00 - 23:59,00:15
3084,1,Both,Double Decker,00:00 - 23:59,00:15
3095,1,Both,Normal,00:00 - 23:59,00:15
3097,1,Both,Normal,00:00 - 23:59,00:15
3099,1,Both,Normal,00:00 - 23:59,00:15
3102,1,Both,Normal,00:00 - 23:59,00:15
3115,1,Both,Normal,00:00 - 23:59,00:15
3123,1,Both,Normal,00:00 - 23:59,00:15
3124,1,Both,Normal,00:00 - 23:59,00:15
3125,1,Both,Normal,00:00 - 23:59,00:15
3126,1,Both,Normal,00:00 - 23:59,00:15
3127,1,Both,Normal,00:00 - 23:59,00:15
3132,1,Both,Normal,00:00 - 23:59,00:15
3133,1,Both,Normal,00:00 - 23:59,00:15
3134,1,Both,Normal,00:00 - 23:59,00:15
3143,1,Both,Normal,00:00 - 23:59,00:15
3149,1,Both,Double Decker,00:00 - 23:59,00:15
3151,1,Both,Normal,00:00 - 23:59,00:15
3153,1,Both,Normal,00:00 - 23:59,00:15
3165,1,Both,Normal,00:00 - 23:59,00:15
3178,1,Both,Double Decker,00:00 - 23:59,00:15
3186,1,Both,Normal,00:00 - 23:59,00:15
3188,1,Both,Double Decker,00:00 - 23:59,00:15
3190,1,Both,Normal,00:00 - 23:59,00:15
3195,1,Both,Normal,00:00 - 23:59,00:15
3199,1,Both,Normal,00:00 - 23:59,00:15
3211,1,Both,Normal,00:00 - 23:59,00:15
3212,1,Both,Normal,00:00 - 23:59,00:15
3217,1,Both,Normal,00:00 - 23:59,00:15
3220,1,Both,Double Decker,00:00 - 23:59,00:15
3230,1,Both,Double Decker,00:00 - 23:59,00:15
3239,1,Both,Double Decker,00:00 - 23:59,00:15
3242,1,Both,Normal,00:00 - 23:59,00:15
3244,1,Both,Normal,00:00 - 23:59,00:15
3247,1,Both,Normal,00:00 - 23:59,00:15
3248,1,Both,Normal,00:00 - 23:59,00:15
3258,1,Both,Normal,00:00 - 23:59,00:15
3262,1,Both,Normal,00:00 - 23:59,00:15
3263,1,Both,Normal,00:00 - 23:59,00:15
3265,1,Both,Normal,00:00 - 23:59,00:15
3268,1,Both,Normal,00:00 - 23:59,00:15
3269,1,Both,Normal,00:00 - 23:59,00:15
3278,1,Both,Normal,00:00 - 23:59,00:15
3284,1,Both,Normal,00:00 - 23:59,00:15
3290,1,Both,Double Decker,00:00 - 23:59,00:15
3293,1,Both,Normal,00:00 - 23:59,00:15
3297,1,Both,Normal,00:00 - 23:59,00:15
3309,1,Both,Normal,00:00 - 23:59,00:15
3311,1,Both,Normal,00:00 - 23:59,00:15
3312,1,Both,Normal,00:00 - 23:59,00:15
3316,1,Both,Normal,00:00 - 23:59,00:15
3324,1,Both,Double Decker,00:00 - 23:59,00:15
3326,1,Both,Normal,00:00 - 23:59,00:15
3327,1,Both,Normal,00:00 - 23:59,00:15
3328,1,Both,Normal,00:00 - 23:59,00:15
3335,1,Both,Normal,00:00 - 23:59,00:15
3338,1,Both,Normal,00:00 - 23:59,00:15
3339,1,Both,Normal,00:00 - 23:59,00:15
3343,1,Both,Normal,00:00 - 23:59,00:15
3351,1,Both,Normal,00:00 - 23:59,00:15
3367,1,Both,Normal,00:00 - 23:59,00:15
3370,1,Both,Normal,00:00 - 23:59,00:01
3374,1,Both,Normal,00:00 - 23:59,00:15
3376,1,Both,Normal,00:00 - 23:59,00:15
3381,1,Both,Normal,00:00 - 23:59,00:15
3384,1,Both,Double Decker,00:00 - 23:59,00:15
3385,1,Both,Normal,00:00 - 23:59,00:15
3388,1,Both,Normal,00:00 - 23:59,00:01
3390,1,Both,Normal,00:00 - 23:59,00:15
3391,1,Both,Normal,00:00 - 23:59,00:01
3395,1,Both,Normal,00:00 - 23:59,00:15
3398,1,Both,Double Decker,00:00 - 23:59,00:01
3404,1,Both,Normal,00:00 - 23:59,00:15
3405,1,Both,Normal,00:00 - 23:59,00:15
3406,1,Both,Normal,00:00 - 23:59,00:15
3411,1,Both,Normal,00:00 - 23:59,00:15
3418,1,Both,Normal,00:00 - 23:59,00:15
3423,1,Both,Normal,00:00 - 23:59,00:15
3425,1,Both,Normal,00:00 - 23:59,00:15
3430,1,Both,Normal,00:00 - 23:59,00:15
3431,1,Both,Normal,00:00 - 23:59,00:15
3432,1,Both,Normal,00:00 - 23:59,00:15
3440,1,Both,Double Decker,00:00 - 23:59,00:15
3442,1,Both,Normal,00:00 - 23:59,00:15
3443,1,Both,Normal,00:00 - 23:59,00:15
3447,1,Both,Normal,00:00 - 23:59,00:15
3450,1,Both,Normal,00:00 - 23:59,00:15
3451,1,Both,Normal,00:00 - 23:59,00:15
3455,1,Both,Normal,00:00 - 23:59,00:15
3456,1,Both,Normal,00:00 - 23:59,00:15
3460,1,Both,Normal,00:00 - 23:59,00:15
3461,1,Both,Normal,00:00 - 23:59,00:15
3462,1,Both,Normal,00:00 - 23:59,00:15
3463,1,Both,Normal,00:00 - 23:59,00:15
3465,1,Both,Normal,00:00 - 23:59,00:15
3469,1,Both,Normal,00:00 - 23:59,00:15
3470,1,Both,Normal,00:00 - 23:59,00:15
3481,1,Both,Normal,00:00 - 23:59,00:15
3485,1,Both,Normal,00:00 - 23:59,00:15
3493,1,Both,Double Decker,00:00 - 23:59,00:15
4335,1,Both,Normal,00:00 - 23:59,00:15
4338,1,Both,Normal,00:00 - 23:59,00:15
4341,1,Both,Normal,00:00 - 23:59,00:15
4343,1,Both,Normal,00:00 - 23:59,00:15
4357,1,Both,Normal,00:00 - 23:59,00:15
4377,1,Both,Normal,00:00 - 23:59,00:15
4380,1,Both,Normal,00:00 - 23:59,00:15
4395,1,Both,Normal,00:00 - 23:59,00:15
4403,1,Both,Normal,00:00 - 23:59,00:15
4409,1,Both,Normal,00:00 - 23:59,00:15
4413,1,Both,Normal,00:00 - 23:59,00:15
4423,1,Both,Normal,00:00 - 23:59,00:15
4431,1,Both,Normal,00:00 - 23:59,00:15
4432,1,Both,Normal,00:00 - 23:59,00:15
4445,1,Both,Normal,00:00 - 23:59,00:15
4466,1,Both,Normal,00:00 - 23:59,00:15
4469,1,Both,Normal,00:00 - 23:59,00:15
4477,1,Both,Normal,00:00 - 23:59,00:15
4480,1,Both,Normal,00:00 - 23:59,00:15
4503,1,Both,Normal,00:00 - 23:59,00:15
4512,1,Both,Normal,00:00 - 23:59,00:15
4540,1,Both,Normal,00:00 - 23:59,00:15
4541,1,Both,Normal,00:00 - 23:59,00:15
4555,1,Both,Normal,00:00 - 23:59,00:15
4558,1,Both,Normal,00:00 - 23:59,00:15
4573,1,Both,Normal,00:00 - 23:59,00:15
4579,1,Both,Normal,00:00 - 23:59,00:15
4611,1,Both,Normal,00:00 - 23:59,00:15
4614,1,Both,Normal,00:00 - 23:59,00:15
4615,1,Both,Normal,00:00 - 23:59,00:15
4622,1,Both,Normal,00:00 - 23:59,00:15
4626,1,Both,Normal,00:00 - 23:59,00:15
4642,1,Both,Normal,00:00 - 23:59,00:15
4877,1,Both,Normal,00:00 - 23:59,00:15
4890,1,Both,Normal,00:00 - 23:59,00:15
4891,1,Both,Normal,00:00 - 23:59,00:15
4893,1,Both,Normal,00:00 - 23:59,00:15
4933,1,Both,Normal,00:00 - 23:59,00:15
4936,1,Both,Normal,00:00 - 23:59,00:15
4937,1,Both,Normal,00:00 - 23:59,00:15
4940,1,Both,Normal,00:00 - 23:59,00:15
4943,1,Both,Normal,00:00 - 23:59,00:15
4949,1,Both,Normal,00:00 - 23:59,00:15
4950,1,Both,Normal,00:00 - 23:59,00:15
4954,1,Both,Normal,00:00 - 23:59,00:15
5000,1,Both,Normal,00:00 - 23:59,00:15
5002,1,Both,Normal,00:00 - 23:59,00:15
5007,1,Both,Normal,00:00 - 23:59,00:15
5008,1,Both,Normal,00:00 - 23:59,00:15
5009,1,Both,Normal,00:00 - 23:59,00:15
5012,1,Both,Normal,00:00 - 23:59,00:15
5014,1,Both,Double Decker,00:00 - 23:59,00:15
5015,1,Both,Normal,00:00 - 23:59,00:15
5017,1,Both,Normal,00:00 - 23:59,00:15
5020,1,Both,Normal,00:00 - 23:59,00:15
5025,1,Both,Normal,00:00 - 23:59,00:15
5026,1,Both,Normal,00:00 - 23:59,00:15
5027,1,Both,Normal,00:00 - 23:59,00:15
5028,1,Both,Normal,00:00 - 23:59,00:15
5033,1,Both,Normal,00:00 - 23:59,00:15
5034,1,Both,Normal,00:00 - 23:59,00:15
5035,1,Both,Normal,00:00 - 23:59,00:15
5036,1,Both,Normal,00:00 - 23:59,00:15
5044,1,Both,Normal,00:00 - 23:59,00:15
5045,1,Both,Normal,00:00 - 23:59,00:15
5047,1,Both,Normal,00:00 - 23:59,00:15
5049,1,Both,Normal,00:00 - 23:59,00:15
5050,1,Both,Normal,00:00 - 23:59,00:15
5051,1,Both,Normal,00:00 - 23:59,00:15
5054,1,Both,Normal,00:00 - 23:59,00:15
5055,1,Both,Normal,00:00 - 23:59,00:15
5056,1,Both,Normal,00:00 - 23:59,00:15
5058,1,Both,Normal,00:00 - 23:59,00:15
5062,1,Both,Normal,00:00 - 23:59,00:15
5063,1,Both,Normal,00:00 - 23:59,00:15
5064,1,Both,Normal,00:00 - 23:59,00:15
5067,1,Both,Normal,00:00 - 23:59,00:15
5072,1,Both,Normal,00:00 - 23:59,00:15
5073,1,Both,Normal,00:00 - 23:59,00:15
5074,1,Both,Normal,00:00 - 23:59,00:15
5075,1,Both,Normal,00:00 - 23:59,00:15
5076,1,Both,Normal,00:00 - 23:59,00:15
5088,1,Both,Normal,00:00 - 23:59,00:15
5089,1,Both,Normal,00:00 - 23:59,00:15
5090,1,Both,Normal,00:00 - 23:59,00:15
5092,1,Both,Normal,00:00 - 23:59,00:15
5098,1,Both,Normal,00:00 - 23:59,00:15
5099,1,Both,Normal,00:00 - 23:59,00:15
5114,1,Both,Normal,00:00 - 23:59,00:15
5129,1,Both,Normal,00:00 - 23:59,00:15
5135,1,Both,Double Decker,00:00 - 23:59,00:15
5141,1,Both,Normal,00:00 - 23:59,00:15
5142,1,Both,Normal,00:00 - 23:59,00:15
5143,1,Both,Normal,00:00 - 23:59,00:15
5149,1,Both,Normal,00:00 - 23:59,00:15
5153,1,Both,Normal,00:00 - 23:59,00:15
5155,1,Both,Normal,00:00 - 23:59,00:15
5161,1,Both,Normal,00:00 - 23:59,00:15
5165,1,Both,Normal,00:00 - 23:59,00:15
5167,1,Both,Normal,00:00 - 23:59,00:15
5168,1,Both,Normal,00:00 - 23:59,00:15
5172,1,Both,Normal,00:00 - 23:59,00:15
5182,1,Both,Normal,00:00 - 23:59,00:15
5197,1,Both,Normal,00:00 - 23:59,00:15
5203,1,Both,Normal,00:00 - 23:59,00:15
5207,1,Both,Normal,00:00 - 23:59,00:15
5209,1,Both,Normal,00:00 - 23:59,00:15
5213,1,Both,Normal,00:00 - 23:59,00:15
5223,1,Both,Normal,00:00 - 23:59,00:15
5224,1,Both,Normal,00:00 - 23:59,00:15
5225,1,Both,Normal,00:00 - 23:59,00:15
5227,1,Both,Normal,00:00 - 23:59,00:15
5228,1,Both,Normal,00:00 - 23:59,00:15
5242,1,Both,Normal,00:00 - 23:59,00:15
5246,1,Both,Normal,00:00 - 23:59,00:15
5250,1,Both,Normal,00:00 - 23:59,00:15
5270,1,Both,Normal,00:00 - 23:59,00:15
5278,1,Both,Normal,00:00 - 23:59,00:15
5286,1,Both,Normal,00:00 - 23:59,00:15
5299,1,Both,Normal,00:00 - 23:59,00:15
5315,1,Both,Normal,00:00 - 23:59,00:15
5316,1,Both,Normal,00:00 - 23:59,00:15
5318,1,Both,Normal,00:00 - 23:59,00:15
5321,1,Both,Normal,00:00 - 23:59,00:15
5325,1,Both,Normal,00:00 - 23:59,00:15
5329,1,Both,Normal,00:00 - 23:59,00:15
5332,1,Both,Double Decker,00:00 - 23:59,00:15
5338,1,Both,Normal,00:00 - 23:59,00:15
5352,1,Both,Normal,00:00 - 23:59,00:15
5362,1,Both,Normal,00:00 - 23:59,00:15
5365,1,Both,Normal,00:00 - 23:59,00:15
5370,1,Both,Normal,00:00 - 23:59,00:15
5371,1,Both,Normal,00:00 - 23:59,00:15
5378,1,Both,Normal,00:00 - 23:59,00:15
5381,1,Both,Normal,00:00 - 23:59,00:15
5384,1,Both,Normal,00:00 - 23:59,00:15
5386,1,Both,Normal,00:00 - 23:59,00:15
5391,1,Both,Normal,00:00 - 23:59,00:15
5392,1,Both,Normal,00:00 - 23:59,00:15
5394,1,Both,Normal,00:00 - 23:59,00:15
5397,1,Both,Normal,00:00 - 23:59,00:15
5401,1,Both,Normal,00:00 - 23:59,00:15
5403,1,Both,Normal,00:00 - 23:59,00:15
5415,1,Both,Normal,00:00 - 23:59,00:15
5429,1,Both,Normal,00:00 - 23:59,00:15
5434,1,Both,Normal,00:00 - 23:59,00:15
5438,1,Both,Normal,00:00 - 23:59,00:15
5442,1,Both,Normal,00:00 - 23:59,00:15
5446,1,Both,Normal,00:00 - 23:59,00:15
5461,1,Both,Normal,00:00 - 23:59,00:15
5471,1,Both,Normal,00:00 - 23:59,00:15
5472,1,Both,Normal,00:00 - 23:59,00:15
5475,1,Both,Normal,00:00 - 23:59,00:15
5478,1,Both,Normal,00:00 - 23:59,00:15
5495,1,Both,Normal,00:00 - 23:59,00:15
5498,1,Both,Normal,00:00 - 23:59,00:15
5503,1,Both,Normal,00:00 - 23:59,00:15
5504,1,Both,Normal,00:00 - 23:59,00:15
5506,1,Both,Normal,00:00 - 23:59,00:15
5519,1,Both,Normal,00:00 - 23:59,00:15
5525,1,Both,Normal,00:00 - 23:59,00:15
5527,1,Both,Normal,00:00 - 23:59,00:15
5528,1,Both,Normal,00:00 - 23:59,00:15
5533,1,Both,Normal,00:00 - 23:59,00:15
5542,1,Both,Normal,00:00 - 23:59,00:15
5549,1,Both,Normal,00:00 - 23:59,00:15
5553,1,Both,Normal,00:00 - 23:59,00:15
5559,1,Both,Normal,00:00 - 23:59,00:15
5562,1,Both,Normal,00:00 - 23:59,00:15
5563,1,Both,Normal,00:00 - 23:59,00:15
5567,1,Both,Normal,00:00 - 23:59,00:15
5570,1,Both,Normal,00:00 - 23:59,00:15
5583,1,Both,Normal,00:00 - 23:59,00:15
5593,1,Both,Normal,00:00 - 23:59,00:15
5607,1,Both,Normal,00:00 - 23:59,00:15
5615,1,Both,Normal,00:00 - 23:59,00:15
5618,1,Both,Normal,00:00 - 23:59,00:15
5631,1,Both,Normal,00:00 - 23:59,00:15
5634,1,Both,Normal,00:00 - 23:59,00:15
5656,1,Both,Normal,00:00 - 23:59,00:15
5661,1,Both,Normal,00:00 - 23:59,00:15
5662,1,Both,Normal,00:00 - 23:59,00:15
5664,1,Both,Normal,00:00 - 23:59,00:15
5667,1,Both,Normal,00:00 - 23:59,00:15
5672,1,Both,Normal,00:00 - 23:59,00:15
5706,1,Both,Normal,00:00 - 23:59,00:15
5712,1,Both,Normal,00:00 - 23:59,00:15
5716,1,Both,Normal,00:00 - 23:59,00:15
5724,1,Both,Normal,00:00 - 23:59,00:15
5725,1,Both,Normal,00:00 - 23:59,00:15
5746,1,Both,Normal,00:00 - 23:59,00:15
5751,1,Both,Normal,00:00 - 23:59,00:15
5779,1,Both,Normal,00:00 - 23:59,00:15
5783,1,Both,Normal,00:00 - 23:59,00:15
5787,1,Both,Normal,00:00 - 23:59,00:15
5789,1,Both,Normal,00:00 - 23:59,00:15
5807,1,Both,Normal,00:00 - 23:59,00:15
5809,1,Both,Normal,00:00 - 23:59,00:15
5810,1,Both,Normal,00:00 - 23:59,00:15
5812,1,Both,Normal,00:00 - 23:59,00:15
5828,1,Both,Normal,00:00 - 23:59,00:15
5831,1,Both,Normal,00:00 - 23:59,00:15
5837,1,Both,Normal,00:00 - 23:59,00:15
5839,1,Both,Normal,00:00 - 23:59,00:15
5851,1,Both,Double Decker,00:00 - 23:59,00:15
5852,1,Both,Normal,00:00 - 23:59,00:15
5853,1,Both,Normal,00:00 - 23:59,00:15
5854,1,Both,Normal,00:00 - 23:59,00:15
5862,1,Both,Normal,00:00 - 23:59,00:15
5867,1,Both,Normal,00:00 - 23:59,00:15
5880,1,Both,Normal,00:00 - 23:59,00:15
5886,1,Both,Normal,00:00 - 23:59,00:15
5893,1,Both,Normal,00:00 - 23:59,00:15
5895,1,Both,Normal,00:00 - 23:59,00:15
5902,1,Both,Normal,00:00 - 23:59,00:15
5905,1,Both,Normal,00:00 - 23:59,00:15
5913,1,Both,Normal,00:00 - 23:59,00:15
5921,1,Both,Normal,00:00 - 23:59,00:15
5927,1,Both,Normal,00:00 - 23:59,00:15
5966,1,Both,Normal,00:00 - 23:59,00:15
5971,1,Both,Normal,00:00 - 23:59,00:15
5984,1,Both,Normal,00:00 - 23:59,00:15
5996,1,Both,Normal,00:00 - 23:59,00:15
6002,1,Both,Double Decker,00:00 - 23:59,00:15
6006,1,Both,Normal,00:00 - 23:59,00:15
6011,1,Both,Normal,00:00 - 23:59,00:15
6012,1,Both,Normal,00:00 - 23:59,00:15
6014,1,Both,Normal,00:00 - 23:59,00:15
6016,1,Both,Normal,00:00 - 23:59,00:15
6030,1,Both,Normal,00:00 - 23:59,00:15
6045,1,Both,Normal,00:00 - 23:59,00:15
6046,1,Both,Normal,00:00 - 23:59,00:15
6056,1,Both,Double Decker,00:00 - 23:59,00:15
6060,1,Both,Normal,00:00 - 23:59,00:15
6065,1,Both,Normal,00:00 - 23:59,00:15
6091,1,Both,Normal,00:00 - 23:59,00:15
6092,1,Both,Normal,00:00 - 23:59,00:15
6103,1,Both,Normal,00:00 - 23:59,00:15
6112,1,Both,Normal,00:00 - 23:59,00:15
6114,1,Both,Normal,00:00 - 23:59,00:15
6119,1,Both,Normal,00:00 - 23:59,00:15
6124,1,Both,Normal,00:00 - 23:59,00:15
6135,1,Both,Normal,00:00 - 23:59,00:15
6136,1,Both,Normal,00:00 - 23:59,00:15
6137,1,Both,Normal,00:00 - 23:59,00:15
6139,1,Both,Normal,00:00 - 23:59,00:15
6141,1,Both,Normal,00:00 - 23:59,00:15
6142,1,Both,Normal,00:00 - 23:59,00:15
6148,1,Both,Normal,00:00 - 23:59,00:15
6159,1,Both,Normal,00:00 - 23:59,00:15
6160,1,Both,Normal,00:00 - 23:59,00:15
6161,1,Both,Normal,00:00 - 23:59,00:15
6163,1,Both,Normal,00:00 - 23:59,00:15
6165,1,Both,Normal,00:00 - 23:59,00:15
6167,1,Both,Normal,00:00 - 23:59,00:15
6170,1,Both,Normal,00:00 - 23:59,00:15
6174,1,Both,Normal,00:00 - 23:59,00:15
6178,1,Both,Normal,00:00 - 23:59,00:15
6189,1,Both,Normal,00:00 - 23:59,00:15
6192,1,Both,Normal,00:00 - 23:59,00:15
6195,1,Both,Normal,00:00 - 23:59,00:15
6197,1,Both,Double Decker,00:00 - 23:59,00:15
6202,1,Both,Normal,00:00 - 23:59,00:15
6207,1,Both,Normal,00:00 - 23:59,00:15
6214,1,Both,Normal,00:00 - 23:59,00:15
6219,1,Both,Normal,00:00 - 23:59,00:15
6223,1,Both,Normal,00:00 - 23:59,00:15
6226,1,Both,Double Decker,00:00 - 23:59,00:15
6227,1,Both,Normal,00:00 - 23:59,00:15
6242,1,Both,Normal,00:00 - 23:59,00:15
6246,1,Both,Normal,00:00 - 23:59,00:15
6249,1,Both,Normal,00:00 - 23:59,00:15
6255,1,Both,Normal,00:00 - 23:59,00:15
6262,1,Both,Normal,00:00 - 23:59,00:15
6276,1,Both,Normal,00:00 - 23:59,00:15
6292,1,Both,Normal,00:00 - 23:59,00:15
6294,1,Both,Double Decker,00:00 - 23:59,00:15
6295,1,Both,Normal,00:00 - 23:59,00:15
6299,1,Both,Normal,00:00 - 23:59,00:15
6300,1,Both,Normal,00:00 - 23:59,00:15
6305,1,Both,Normal,00:00 - 23:59,00:15
6316,1,Both,Normal,00:00 - 23:59,00:15
6320,1,Both,Normal,00:00 - 23:59,00:15
6321,1,Both,Normal,00:00 - 23:59,00:15
6323,1,Both,Normal,00:00 - 23:59,00:15
6331,1,Both,Normal,00:00 - 23:59,00:15
6338,1,Both,Normal,00:00 - 23:59,00:15
6369,1,Both,Normal,00:00 - 23:59,00:15
6388,1,Both,Normal,00:00 - 23:59,00:15
6399,1,Both,Normal,00:00 - 23:59,00:15
6403,1,Both,Normal,00:00 - 23:59,00:15
6405,1,Both,Normal,00:00 - 23:59,00:15
6411,1,Both,Normal,00:00 - 23:59,00:15
6418,1,Both,Normal,00:00 - 23:59,00:15
6426,1,Both,Normal,00:00 - 23:59,00:15
6428,1,Both,Normal,00:00 - 23:59,00:15
6441,1,Both,Normal,00:00 - 23:59,00:15
6446,1,Both,Normal,00:00 - 23:59,00:15
6447,1,Both,Normal,00:00 - 23:59,00:15
6448,1,Both,Normal,00:00 - 23:59,00:15
6457,1,Both,Normal,00:00 - 23:59,00:15
6461,1,Both,Normal,00:00 - 23:59,00:15
6462,1,Both,Normal,00:00 - 23:59,00:15
6463,1,Both,Normal,00:00 - 23:59,00:15
6473,1,Both,Normal,00:00 - 23:59,00:15
6481,1,Both,Normal,00:00 - 23:59,00:15
6489,1,Both,Normal,00:00 - 23:59,00:15
6501,1,Both,Normal,00:00 - 23:59,00:15
6503,1,Both,Normal,00:00 - 23:59,00:15
6519,1,Both,Normal,00:00 - 23:59,00:15
6527,1,Both,Normal,00:00 - 23:59,00:15
6532,1,Both,Normal,00:00 - 23:59,00:15
6533,1,Both,Normal,00:00 - 23:59,00:15
6542,1,Both,Normal,00:00 - 23:59,00:15
6564,1,Both,Normal,00:00 - 23:59,00:15
6569,1,Both,Normal,00:00 - 23:59,00:15
6570,1,Both,Normal,00:00 - 23:59,00:15
6573,1,Both,Normal,00:00 - 23:59,00:15
6576,1,Both,Normal,00:00 - 23:59,00:15
6577,1,Both,Normal,00:00 - 23:59,00:15
6582,1,Both,Normal,00:00 - 23:59,00:15
6589,1,Both,Normal,00:00 - 23:59,00:15
6598,1,Both,Normal,00:00 - 23:59,00:15
6599,1,Both,Normal,00:00 - 23:59,00:15
6602,1,Both,Normal,00:00 - 23:59,00:15
6607,1,Both,Normal,00:00 - 23:59,00:15
6614,1,Both,Normal,00:00 - 23:59,00:15
6616,1,Both,Normal,00:00 - 23:59,00:15
6618,1,Both,Normal,00:00 - 23:59,00:15
6636,1,Both,Normal,00:00 - 23:59,00:15
6638,1,Both,Double Decker,00:00 - 23:59,00:15
6642,1,Both,Normal,00:00 - 23:59,00:15
6645,1,Both,Normal,00:00 - 23:59,00:15
6647,1,Both,Normal,00:00 - 23:59,00:15
6655,1,Both,Normal,00:00 - 23:59,00:15
6659,1,Both,Normal,00:00 - 23:59,00:15
6660,1,Both,Normal,00:00 - 23:59,00:15
6662,1,Both,Normal,00:00 - 23:59,00:15
6669,1,Both,Normal,00:00 - 23:59,00:15
6672,1,Both,Normal,00:00 - 23:59,00:15
6678,1,Both,Normal,00:00 - 23:59,00:15
6679,1,Both,Normal,00:00 - 23:59,00:15
6681,1,Both,Normal,00:00 - 23:59,00:15
6682,1,Both,Normal,00:00 - 23:59,00:15
6683,1,Both,Normal,00:00 - 23:59,00:15
6684,1,Both,Normal,00:00 - 23:59,00:15
6685,1,Both,Normal,00:00 - 23:59,00:15
6687,1,Both,Normal,00:00 - 23:59,00:15
6697,1,Both,Normal,00:00 - 23:59,00:15
6700,1,Both,Normal,00:00 - 23:59,00:15
6716,1,Both,Normal,00:00 - 23:59,00:15
6722,1,Both,Normal,00:00 - 23:59,00:15
6727,1,Both,Normal,00:00 - 23:59,00:15
6738,1,Both,Normal,00:00 - 23:59,00:15
6741,1,Both,Normal,00:00 - 23:59,00:15
6742,1,Both,Normal,00:00 - 23:59,00:15
6747,1,Both,Normal,00:00 - 23:59,00:15
6748,1,Both,Normal,00:00 - 23:59,00:15
6777,1,Both,Normal,00:00 - 23:59,00:15
6782,1,Both,Normal,00:00 - 23:59,00:15
6788,1,Both,Normal,00:00 - 23:59,00:15
6789,1,Both,Normal,00:00 - 23:59,00:15
6795,1,Both,Normal,00:00 - 23:59,00:15
6809,1,Both,Normal,00:00 - 23:59,00:15
6813,1,Both,Normal,00:00 - 23:59,00:15
6817,1,Both,Normal,00:00 - 23:59,00:15
6818,1,Both,Normal,00:00 - 23:59,00:15
6820,1,Both,Normal,00:00 - 23:59,00:15
6830,1,Both,Normal,00:00 - 23:59,00:15
6832,1,Both,Normal,00:00 - 23:59,00:15
6834,1,Both,Normal,00:00 - 23:59,00:15
6836,1,Both,Normal,00:00 - 23:59,00:15
6840,1,Both,Normal,00:00 - 23:59,00:15
6841,1,Both,Normal,00:00 - 23:59,00:15
6852,1,Both,Normal,00:00 - 23:59,00:15
6854,1,Both,Normal,00:00 - 23:59,00:15
6857,1,Both,Normal,00:00 - 23:59,00:15
6858,1,Both,Normal,00:00 - 23:59,00:15
6876,1,Both,Normal,00:00 - 23:59,00:15
6880,1,Both,Normal,00:00 - 23:59,00:15
6897,1,Both,Normal,00:00 - 23:59,00:15
6998,1,Both,Normal,00:00 - 23:59,00:15
30002,1,Both,Double Decker,00:00 - 23:59,00:01
30002,2,Both,Double Decker,00:00 - 23:59,00:01
30002,3,Both,Double Decker,00:00 - 23:59,00:01
30002,4,Both,Double Decker,00:00 - 23:59,00:01
30002,5,Both,Double Decker,00:00 - 23:59,00:01
30002,6,Both,Double Decker,00:00 - 23:59,00:01
30002,7,Both,Normal,00:00 - 23:59,00:01
30002,8,Both,Normal,00:00 - 23:59,00:01
30002,9,Both,Normal,00:00 - 23:59,00:01
30002,10,Both,Normal,00:00 - 23:59,00:01
30002,11,Both,Normal,00:00 - 23:59,00:01
30002,12,Both,Normal,00:00 - 23:59,00:01
30002,13,Both,Normal,00:00 - 23:59,00:01
30002,14,Both,Normal,00:00 - 23:59,00:01
30002,15,Both,Normal,00:00 - 23:59,00:01
30002,16,Both,Normal,00:00 - 23:59,00:01
30002,17,Both,Normal,00:00 - 23:59,00:01
30002,18,Both,Normal,00:00 - 23:59,00:01
30002,19,Both,Normal,00:00 - 23:59,00:01
30002,20,Both,Normal,00:00 - 23:59,00:01
30052,1,Both,Double Decker,00:00 - 23:59,00:01
30052,2,Both,Double Decker,00:00 - 23:59,00:01
30052,3,Both,Double Decker,00:00 - 23:59,00:01
30052,4,Both,Double Decker,00:00 - 23:59,00:01
30052,5,Both,Double Decker,00:00 - 23:59,00:01
30052,6,Both,Double Decker,00:00 - 23:59,00:01
30052,7,Both,Normal,00:00 - 23:59,00:01
30052,8,Both,Normal,00:00 - 23:59,00:01
30052,9,Both,Normal,00:00 - 23:59,00:01
30052,10,Both,Normal,00:00 - 23:59,00:01
30052,11,Both,Normal,00:00 - 23:59,00:01
30052,12,Both,Normal,00:00 - 23:59,00:01
30052,13,Both,Normal,00:00 - 23:59,00:01
30052,14,Both,Normal,00:00 - 23:59,00:01
30052,15,Both,Normal,00:00 - 23:59,00:01
30052,16,Both,Normal,00:00 - 23:59,00:01
30052,17,Both,Normal,00:00 - 23:59,00:01
30052,18,Both,Normal,00:00 - 23:59,00:01
30052,19,Both,Normal,00:00 - 23:59,00:01
30052,20,Both,Normal,00:00 - 23:59,00:01
30053,1,Both,Double Decker,00:00 - 23:59,00:01
30053,2,Both,Double Decker,00:00 - 23:59,00:01
30053,3,Both,Double Decker,00:00 - 23:59,00:01
30053,4,Both,Double Decker,00:00 - 23:59,00:01
30053,5,Both,Normal,00:00 - 23:59,00:01
30053,6,Both,Normal,00:00 - 23:59,00:01
30053,7,Both,Normal,00:00 - 23:59,00:01
30053,8,Both,Normal,00:00 - 23:59,00:01
30053,9,Both,Normal,00:00 - 23:59,00:01
30053,10,Both,Normal,00:00 - 23:59,00:01
30053,11,Both,Normal,00:00 - 23:59,00:01
30053,12,Both,Normal,00:00 - 23:59,00:01
30053,13,Both,Normal,00:00 - 23:59,00:01
30053,14,Both,Normal,00:00 - 23:59,00:01
30053,15,Both,Normal,00:00 - 23:59,00:01
30053,16,Both,Normal,00:00 - 23:59,00:01
30053,17,Both,Normal,00:00 - 23:59,00:01
30053,18,Both,Normal,00:00 - 23:59,00:01
30053,19,Both,Normal,00:00 - 23:59,00:01
30054,1,Both,Double Decker,00:00 - 23:59,00:01
30054,2,Both,Double Decker,00:00 - 23:59,00:01
30054,3,Both,Double Decker,00:00 - 23:59,00:01
30054,4,Both,Double Decker,00:00 - 23:59,00:01
30054,5,Both,Double Decker,00:00 - 23:59,00:01
30054,6,Both,Double Decker,00:00 - 23:59,00:01
30054,7,Both,Normal,00:00 - 23:59,00:01
30054,8,Both,Normal,00:00 - 23:59,00:01
30054,9,Both,Normal,00:00 - 23:59,00:01
30054,10,Both,Normal,00:00 - 23:59,00:01
30054,11,Both,Normal,00:00 - 23:59,00:01
30054,12,Both,Normal,00:00 - 23:59,00:01
30054,13,Both,Normal,00:00 - 23:59,00:01
30054,14,Both,Normal,00:00 - 23:59,00:01
30054,15,Both,Normal,00:00 - 23:59,00:01
30054,16,Both,Normal,00:00 - 23:59,00:01
30054,17,Both,Normal,00:00 - 23:59,00:01
30054,18,Both,Normal,00:00 - 23:59,00:01
30054,19,Both,Normal,00:00 - 23:59,00:01
30054,20,Both,Normal,00:00 - 23:59,00:01
30102,1,Both,Double Decker,00:00 - 23:59,00:10
30102,2,Both,Double Decker,00:00 - 23:59,00:10
30102,3,Both,Double Decker,00:00 - 23:59,00:10
30102,4,Both,Normal,00:00 - 23:59,00:01
30102,5,Both,Normal,00:00 - 23:59,00:01
30102,6,Both,Normal,00:00 - 23:59,00:01
30102,7,Both,Normal,00:00 - 23:59,00:01
30102,8,Both,Normal,00:00 - 23:59,00:01
30102,9,Both,Normal,00:00 - 23:59,00:01
30102,10,Both,Normal,00:00 - 23:59,00:01
30102,11,Both,Normal,00:00 - 23:59,00:01
30102,12,Both,Normal,00:00 - 23:59,00:01
30102,13,Both,Normal,00:00 - 23:59,00:01
30102,14,Both,Normal,00:00 - 23:59,00:01
30102,15,Both,Normal,00:00 - 23:59,00:01
30102,16,Both,Normal,00:00 - 23:59,00:01
30102,17,Both,Normal,00:00 - 23:59,00:01
30102,18,Both,Normal,00:00 - 23:59,00:01
30102,19,Both,Normal,00:00 - 23:59,00:01
30102,20,Both,Normal,00:00 - 23:59,00:01
30103,1,Both,Double Decker,00:00 - 23:59,00:10
30103,2,Both,Double Decker,00:00 - 23:59,00:10
30103,3,Both,Double Decker,05:00 - 21:59,00:10
30103,4,Both,Normal,00:00 - 23:59,00:05
30103,5,Both,Normal,00:00 - 23:59,00:05
30103,6,Both,Normal,00:00 - 23:59,00:05
30103,7,Both,Normal,00:00 - 23:59,00:05
30103,8,Both,Normal,00:00 - 23:59,00:05
30103,9,Both,Normal,00:00 - 23:59,00:05
30103,10,Both,Normal,00:00 - 23:59,00:05
30103,11,Both,Normal,00:00 - 23:59,00:05
30103,12,Both,Normal,00:00 - 23:59,00:05
30103,13,Both,Normal,00:00 - 23:59,00:05
30103,14,Both,Normal,00:00 - 23:59,00:05
30103,15,Both,Normal,00:00 - 23:59,00:05
30103,16,Both,Normal,00:00 - 23:59,00:05
30103,17,Both,Normal,00:00 - 23:59,00:05
30103,18,Both,Normal,00:00 - 23:59,00:05
30103,19,Both,Normal,00:00 - 23:59,00:05
30103,20,Both,Normal,00:00 - 23:59,00:05
30103,21,Both,Normal,00:00 - 23:59,00:05
30103,22,Both,Normal,00:00 - 23:59,00:05
30103,23,Both,Normal,00:00 - 23:59,00:05
30103,24,Both,Normal,00:00 - 23:59,00:05
30103,25,Both,Normal,00:00 - 23:59,00:05
30103,26,Both,Normal,00:00 - 23:59,00:05
30103,27,Both,Normal,00:00 - 23:59,00:05
30103,28,Both,Normal,00:00 - 23:59,00:05
30103,29,Both,Normal,00:00 - 23:59,00:05
30103,30,Both,Normal,00:00 - 23:59,00:05
30110,1,Both,Double Decker,00:00 - 23:59,00:01
30110,2,Both,Double Decker,00:00 - 23:59,00:01
30110,3,Both,Double Decker,00:00 - 23:59,00:01
30110,4,Both,Double Decker,00:00 - 23:59,00:01
30110,5,Both,Double Decker,00:00 - 23:59,00:01
30110,6,Both,Double Decker,00:00 - 23:59,00:01
30110,7,Both,Normal,00:00 - 23:59,00:01
30110,8,Both,Normal,00:00 - 23:59,00:01
30110,9,Both,Normal,00:00 - 23:59,00:01
30110,10,Both,Normal,00:00 - 23:59,00:01
30110,11,Both,Normal,00:00 - 23:59,00:01
30110,12,Both,Normal,00:00 - 23:59,00:01
30110,13,Both,Normal,00:00 - 23:59,00:01
30110,14,Both,Normal,00:00 - 23:59,00:01
30110,15,Both,Normal,00:00 - 23:59,00:01
30110,16,Both,Normal,00:00 - 23:59,00:01
30110,17,Both,Normal,00:00 - 23:59,00:01
30110,18,Both,Normal,00:00 - 23:59,00:01
30110,19,Both,Normal,00:00 - 23:59,00:01
30110,20,Both,Normal,00:00 - 23:59,00:01
30111,1,Both,Double Decker,00:00 - 23:59,00:01
30111,2,Both,Double Decker,00:00 - 23:59,00:01
30111,3,Both,Double Decker,00:00 - 23:59,00:01
30111,4,Both,Double Decker,00:00 - 23:59,00:01
30111,5,Both,Double Decker,00:00 - 23:59,00:01
30111,6,Both,Double Decker,00:00 - 23:59,00:01
30111,7,Both,Normal,00:00 - 23:59,00:01
30111,8,Both,Normal,00:00 - 23:59,00:01
30111,9,Both,Normal,00:00 - 23:59,00:01
30111,10,Both,Normal,00:00 - 23:59,00:01
30111,11,Both,Normal,00:00 - 23:59,00:01
30111,12,Both,Normal,00:00 - 23:59,00:01
30111,13,Both,Normal,00:00 - 23:59,00:01
30111,14,Both,Normal,00:00 - 23:59,00:01
30111,15,Both,Normal,00:00 - 23:59,00:01
30111,16,Both,Normal,00:00 - 23:59,00:01
30111,17,Both,Normal,00:00 - 23:59,00:01
30111,18,Both,Normal,00:00 - 23:59,00:01
30111,19,Both,Normal,00:00 - 23:59,00:01
30111,20,Both,Normal,00:00 - 23:59,00:01
30113,1,Both,Double Decker,00:00 - 23:59,00:01
30113,2,Both,Double Decker,00:00 - 23:59,00:01
30113,3,Both,Double Decker,00:00 - 23:59,00:01
30113,4,Both,Double Decker,00:00 - 23:59,00:01
30113,5,Both,Double Decker,00:00 - 23:59,00:01
30113,6,Both,Double Decker,00:00 - 23:59,00:01
30113,7,Both,Normal,00:00 - 23:59,00:01
30113,8,Both,Normal,00:00 - 23:59,00:01
30113,9,Both,Normal,00:00 - 23:59,00:01
30113,10,Both,Normal,00:00 - 23:59,00:01
30113,11,Both,Normal,00:00 - 23:59,00:01
30113,12,Both,Normal,00:00 - 23:59,00:01
30113,13,Both,Normal,00:00 - 23:59,00:01
30113,14,Both,Normal,00:00 - 23:59,00:01
30113,15,Both,Normal,00:00 - 23:59,00:01
30113,16,Both,Normal,00:00 - 23:59,00:01
30113,17,Both,Normal,00:00 - 23:59,00:01
30113,18,Both,Normal,00:00 - 23:59,00:01
30113,19,Both,Normal,00:00 - 23:59,00:01
30113,20,Both,Normal,00:00 - 23:59,00:01
34002,1,Both,Double Decker,00:00 - 23:59,00:01
34002,2,Both,Double Decker,00:00 - 23:59,00:01
34002,3,Both,Double Decker,00:00 - 23:59,00:01
34002,4,Both,Double Decker,00:00 - 23:59,00:01
34002,5,Both,Double Decker,00:00 - 23:59,00:01
34002,6,Both,Double Decker,00:00 - 23:59,00:01
34002,7,Both,Normal,00:00 - 23:59,00:01
34002,8,Both,Normal,00:00 - 23:59,00:01
34002,9,Both,Normal,00:00 - 23:59,00:01
34002,10,Both,Normal,00:00 - 23:59,00:01
34002,11,Both,Normal,00:00 - 23:59,00:01
34002,12,Both,Normal,00:00 - 23:59,00:01
34002,13,Both,Normal,00:00 - 23:59,00:01
34002,14,Both,Normal,00:00 - 23:59,00:01
34002,15,Both,Normal,00:00 - 23:59,00:01
34002,16,Both,Normal,00:00 - 23:59,00:01
34002,17,Both,Normal,00:00 - 23:59,00:01
34002,18,Both,Normal,00:00 - 23:59,00:01
34002,19,Both,Normal,00:00 - 23:59,00:01
34002,20,Both,Normal,00:00 - 23:59,00:01
34512,1,Both,Double Decker,00:00 - 23:59,00:01
34512,2,Both,Double Decker,00:00 - 23:59,00:01
34512,3,Both,Double Decker,00:00 - 23:59,00:01
34512,4,Both,Double Decker,00:00 - 23:59,00:01
34512,5,Both,Double Decker,00:00 - 23:59,00:01
34512,6,Both,Double Decker,00:00 - 23:59,00:01
34512,7,Both,Normal,00:00 - 23:59,00:01
34512,8,Both,Normal,00:00 - 23:59,00:01
34512,9,Both,Normal,00:00 - 23:59,00:01
34512,10,Both,Normal,00:00 - 23:59,00:01
34512,11,Both,Normal,00:00 - 23:59,00:01
34512,12,Both,Normal,00:00 - 23:59,00:01
34512,13,Both,Normal,00:00 - 23:59,00:01
34512,14,Both,Normal,00:00 - 23:59,00:01
34512,15,Both,Normal,00:00 - 23:59,00:01
34512,16,Both,Normal,00:00 - 23:59,00:01
34512,17,Both,Normal,00:00 - 23:59,00:01
34512,18,Both,Normal,00:00 - 23:59,00:01
34512,19,Both,Normal,00:00 - 23:59,00:01
34512,20,Both,Normal,00:00 - 23:59,00:01
34514,1,Both,Double Decker,00:00 - 23:59,00:01
34514,2,Both,Double Decker,00:00 - 23:59,00:01
34514,3,Both,Double Decker,00:00 - 23:59,00:01
34514,4,Both,Double Decker,00:00 - 23:59,00:01
34514,5,Both,Double Decker,00:00 - 23:59,00:01
34514,6,Both,Double Decker,00:00 - 23:59,00:01
34514,7,Both,Normal,00:00 - 23:59,00:01
34514,8,Both,Normal,00:00 - 23:59,00:01
34514,9,Both,Normal,00:00 - 23:59,00:01
34514,10,Both,Normal,00:00 - 23:59,00:01
34514,11,Both,Normal,00:00 - 23:59,00:01
34514,12,Both,Normal,00:00 - 23:59,00:01
34514,13,Both,Normal,00:00 - 23:59,00:01
34514,14,Both,Normal,00:00 - 23:59,00:01
34514,15,Both,Normal,00:00 - 23:59,00:01
34514,16,Both,Normal,00:00 - 23:59,00:01
34514,17,Both,Normal,00:00 - 23:59,00:01
34514,18,Both,Normal,00:00 - 23:59,00:01
34514,19,Both,Normal,00:00 - 23:59,00:01
34514,20,Both,Normal,00:00 - 23:59,00:01
34515,1,Both,Double Decker,00:00 - 23:59,00:01
34515,2,Both,Double Decker,00:00 - 23:59,00:01
34515,3,Both,Double Decker,00:00 - 23:59,00:01
34515,4,Both,Double Decker,00:00 - 23:59,00:01
34515,5,Both,Double Decker,00:00 - 23:59,00:01
34515,6,Both,Double Decker,00:00 - 23:59,00:01
34515,7,Both,Normal,00:00 - 23:59,00:01
34515,8,Both,Normal,00:00 - 23:59,00:01
34515,9,Both,Normal,00:00 - 23:59,00:01
34515,10,Both,Normal,00:00 - 23:59,00:01
34515,11,Both,Normal,00:00 - 23:59,00:01
34515,12,Both,Normal,00:00 - 23:59,00:01
34515,13,Both,Normal,00:00 - 23:59,00:01
34515,14,Both,Normal,00:00 - 23:59,00:01
34515,15,Both,Normal,00:00 - 23:59,00:01
34515,16,Both,Normal,00:00 - 23:59,00:01
34515,17,Both,Normal,00:00 - 23:59,00:01
34515,18,Both,Normal,00:00 - 23:59,00:01
34515,19,Both,Normal,00:00 - 23:59,00:01
34515,20,Both,Normal,00:00 - 23:59,00:01
34517,1,Both,Double Decker,00:00 - 23:59,00:01
34517,2,Both,Double Decker,00:00 - 23:59,00:01
34517,3,Both,Double Decker,00:00 - 23:59,00:01
34517,4,Both,Double Decker,00:00 - 23:59,00:01
34517,5,Both,Double Decker,00:00 - 23:59,00:01
34517,6,Both,Double Decker,00:00 - 23:59,00:01
34517,7,Both,Normal,00:00 - 23:59,00:01
34517,8,Both,Normal,00:00 - 23:59,00:01
34517,9,Both,Normal,00:00 - 23:59,00:01
34517,10,Both,Normal,00:00 - 23:59,00:01
34517,11,Both,Normal,00:00 - 23:59,00:01
34517,12,Both,Normal,00:00 - 23:59,00:01
34517,13,Both,Normal,00:00 - 23:59,00:01
34517,14,Both,Normal,00:00 - 23:59,00:01
34517,15,Both,Normal,00:00 - 23:59,00:01
34517,16,Both,Normal,00:00 - 23:59,00:01
34517,17,Both,Normal,00:00 - 23:59,00:01
34517,18,Both,Normal,00:00 - 23:59,00:01
34517,19,Both,Normal,00:00 - 23:59,00:01
34517,20,Both,Normal,00:00 - 23:59,00:01
35606,1,Both,Double Decker,00:00 - 23:59,00:01
35606,2,Both,Double Decker,00:00 - 23:59,00:01
35606,3,Both,Double Decker,00:00 - 23:59,00:01
35606,4,Both,Double Decker,00:00 - 23:59,00:01
35606,5,Both,Double Decker,00:00 - 23:59,00:01
35606,6,Both,Double Decker,00:00 - 23:59,00:01
35606,7,Both,Normal,00:00 - 23:59,00:01
35606,8,Both,Normal,00:00 - 23:59,00:01
35606,9,Both,Normal,00:00 - 23:59,00:01
35606,10,Both,Normal,00:00 - 23:59,00:01
35606,11,Both,Normal,00:00 - 23:59,00:01
35606,12,Both,Normal,00:00 - 23:59,00:01
35606,13,Both,Normal,00:00 - 23:59,00:01
35606,14,Both,Normal,00:00 - 23:59,00:01
35606,15,Both,Normal,00:00 - 23:59,00:01
35606,16,Both,Normal,00:00 - 23:59,00:01
35606,17,Both,Normal,00:00 - 23:59,00:01
35606,18,Both,Normal,00:00 - 23:59,00:01
35606,19,Both,Normal,00:00 - 23:59,00:01
35606,20,Both,Normal,00:00 - 23:59,00:01
35611,1,Both,Double Decker,00:00 - 23:59,00:01
35611,2,Both,Double Decker,00:00 - 23:59,00:01
35611,3,Both,Double Decker,00:00 - 23:59,00:01
35611,4,Both,Double Decker,00:00 - 23:59,00:01
35611,5,Both,Double Decker,00:00 - 23:59,00:01
35611,6,Both,Double Decker,00:00 - 23:59,00:01
35611,7,Both,Normal,00:00 - 23:59,00:01
35611,8,Both,Normal,00:00 - 23:59,00:01
35611,9,Both,Normal,00:00 - 23:59,00:01
35611,10,Both,Normal,00:00 - 23:59,00:01
35611,11,Both,Normal,00:00 - 23:59,00:01
35611,12,Both,Normal,00:00 - 23:59,00:01
35611,13,Both,Normal,00:00 - 23:59,00:01
35611,14,Both,Normal,00:00 - 23:59,00:01
35611,15,Both,Normal,00:00 - 23:59,00:01
35611,16,Both,Normal,00:00 - 23:59,00:01
35611,17,Both,Normal,00:00 - 23:59,00:01
35611,18,Both,Normal,00:00 - 23:59,00:01
35611,19,Both,Normal,00:00 - 23:59,00:01
35611,20,Both,Normal,00:00 - 23:59,00:01
35612,1,Both,Double Decker,00:00 - 23:59,00:01
35612,2,Both,Double Decker,00:00 - 23:59,00:01
35612,3,Both,Double Decker,00:00 - 23:59,00:01
35612,4,Both,Double Decker,00:00 - 23:59,00:01
35612,5,Both,Double Decker,00:00 - 23:59,00:01
35612,6,Both,Double Decker,00:00 - 23:59,00:01
35612,7,Both,Normal,00:00 - 23:59,00:01
35612,8,Both,Normal,00:00 - 23:59,00:01
35612,9,Both,Normal,00:00 - 23:59,00:01
35612,10,Both,Normal,00:00 - 23:59,00:01
35612,11,Both,Normal,00:00 - 23:59,00:01
35612,12,Both,Normal,00:00 - 23:59,00:01
35612,13,Both,Normal,00:00 - 23:59,00:01
35612,14,Both,Normal,00:00 - 23:59,00:01
35612,15,Both,Normal,00:00 - 23:59,00:01
35612,16,Both,Normal,00:00 - 23:59,00:01
35612,17,Both,Normal,00:00 - 23:59,00:01
35612,18,Both,Normal,00:00 - 23:59,00:01
35612,19,Both,Normal,00:00 - 23:59,00:01
35612,20,Both,Normal,00:00 - 23:59,00:01
37197,1,Both,Double Decker,00:00 - 23:59,00:01
37197,2,Both,Double Decker,00:00 - 23:59,00:01
37197,3,Both,Double Decker,00:00 - 23:59,00:01
37197,4,Both,Double Decker,00:00 - 23:59,00:01
37197,5,Both,Double Decker,00:00 - 23:59,00:01
37197,6,Both,Double Decker,00:00 - 23:59,00:01
37197,7,Both,Normal,00:00 - 23:59,00:01
37197,8,Both,Normal,00:00 - 23:59,00:01
37197,9,Both,Normal,00:00 - 23:59,00:01
37197,10,Both,Normal,00:00 - 23:59,00:01
37197,11,Both,Normal,00:00 - 23:59,00:01
37197,12,Both,Normal,00:00 - 23:59,00:01
37197,13,Both,Normal,00:00 - 23:59,00:01
37197,14,Both,Normal,00:00 - 23:59,00:01
37197,15,Both,Normal,00:00 - 23:59,00:01
37197,16,Both,Normal,00:00 - 23:59,00:01
37197,17,Both,Normal,00:00 - 23:59,00:01
37197,18,Both,Normal,00:00 - 23:59,00:01
37197,19,Both,Normal,00:00 - 23:59,00:01
37197,20,Both,Normal,00:00 - 23:59,00:01
37198,1,Both,Double Decker,00:00 - 23:59,00:01
37198,2,Both,Double Decker,00:00 - 23:59,00:01
37198,3,Both,Double Decker,00:00 - 23:59,00:01
37198,4,Both,Double Decker,00:00 - 23:59,00:01
37198,5,Both,Double Decker,00:00 - 23:59,00:01
37198,6,Both,Double Decker,00:00 - 23:59,00:01
37198,7,Both,Normal,00:00 - 23:59,00:01
37198,8,Both,Normal,00:00 - 23:59,00:01
37198,9,Both,Normal,00:00 - 23:59,00:01
37198,10,Both,Normal,00:00 - 23:59,00:01
37198,11,Both,Normal,00:00 - 23:59,00:01
37198,12,Both,Normal,00:00 - 23:59,00:01
37198,13,Both,Normal,00:00 - 23:59,00:01
37198,14,Both,Normal,00:00 - 23:59,00:01
37198,15,Both,Normal,00:00 - 23:59,00:01
37198,16,Both,Normal,00:00 - 23:59,00:01
37198,17,Both,Normal,00:00 - 23:59,00:01
37198,18,Both,Normal,00:00 - 23:59,00:01
37198,19,Both,Normal,00:00 - 23:59,00:01
37198,20,Both,Normal,00:00 - 23:59,00:01
51019,1,Both,Normal,00:00 - 23:59,00:01
53001,1,Both,Normal,00:00 - 23:59,00:15
53005,1,Both,Normal,00:00 - 23:59,00:15
53006,1,Both,Normal,00:00 - 23:59,00:15
53023,1,Both,Normal,00:00 - 23:59,00:15
53039,1,Both,Normal,00:00 - 23:59,00:15
53055,1,Both,Normal,00:00 - 23:59,00:15
53065,1,Both,Normal,00:00 - 23:59,00:15
53070,1,Both,Normal,00:00 - 23:59,00:15
53071,1,Both,Normal,00:00 - 23:59,00:15
57815,1,Both,Normal,00:00 - 23:59,00:15
57866,1,Both,Normal,00:00 - 23:59,00:15
57867,1,Both,Normal,00:00 - 23:59,00:15
57868,1,Both,Normal,00:00 - 23:59,00:15
57869,1,Both,Normal,00:00 - 23:59,00:15
57872,1,Both,Normal,00:00 - 23:59,00:15
57898,1,Both,Normal,00:00 - 23:59,00:15
57902,1,Both,Normal,00:00 - 23:59,00:15
57905,1,Both,Normal,00:00 - 23:59,00:15
57907,1,Both,Normal,00:00 - 23:59,00:15
57910,1,Both,Normal,00:00 - 23:59,00:15
57927,1,Both,Normal,00:00 - 23:59,00:15
57929,1,Both,Normal,00:00 - 23:59,00:15
57930,1,Both,Normal,00:00 - 23:59,00:15
57932,1,Both,Normal,00:00 - 23:59,00:15
57940,1,Both,Normal,00:00 - 23:59,00:15
57942,1,Both,Normal,00:00 - 23:59,00:15
57944,1,Both,Normal,00:00 - 23:59,00:15
57945,1,Both,Normal,00:00 - 23:59,00:15
57948,1,Both,Normal,00:00 - 23:59,00:15
57954,1,Both,Normal,00:00 - 23:59,00:15
57956,1,Both,Normal,00:00 - 23:59,00:15
57988,1,Both,Normal,00:00 - 23:59,00:15
57999,1,Both,Normal,00:00 - 23:59,00:15
58006,1,Both,Normal,00:00 - 23:59,00:15
58008,1,Both,Normal,00:00 - 23:59,00:15
58009,1,Both,Normal,00:00 - 23:59,00:15
68807,1,Both,Double Decker,00:00 - 23:59,00:01
68807,2,Both,Double Decker,00:00 - 23:59,00:01
68807,3,Both,Double Decker,00:00 - 23:59,00:01
68807,4,Both,Double Decker,00:00 - 23:59,00:01
68807,5,Both,Double Decker,00:00 - 23:59,00:01
68807,6,Both,Double Decker,00:00 - 23:59,00:01
68807,7,Both,Normal,00:00 - 23:59,00:01
68807,8,Both,Normal,00:00 - 23:59,00:01
68807,9,Both,Normal,00:00 - 23:59,00:01
68807,10,Both,Normal,00:00 - 23:59,00:01
68807,11,Both,Normal,00:00 - 23:59,00:01
68807,12,Both,Normal,00:00 - 23:59,00:01
68807,13,Both,Normal,00:00 - 23:59,00:01
68807,14,Both,Normal,00:00 - 23:59,00:01
68807,15,Both,Normal,00:00 - 23:59,00:01
68807,16,Both,Normal,00:00 - 23:59,00:01
68807,17,Both,Normal,00:00 - 23:59,00:01
68807,18,Both,Normal,00:00 - 23:59,00:01
68807,19,Both,Normal,00:00 - 23:59,00:01
68807,20,Both,Normal,00:00 - 23:59,00:01
38111,1,Both,Double Decker,00:00 - 23:59,00:01
38111,2,Both,Double Decker,00:00 - 23:59,00:01
38111,3,Both,Double Decker,00:00 - 23:59,00:01
38111,4,Both,Double Decker,00:00 - 23:59,00:01
38111,5,Both,Double Decker,00:00 - 23:59,00:01
38111,6,Both,Double Decker,00:00 - 23:59,00:01
38111,7,Both,Normal,00:00 - 23:59,00:01
38111,8,Both,Normal,00:00 - 23:59,00:01
38111,9,Both,Normal,00:00 - 23:59,00:01
38111,10,Both,Normal,00:00 - 23:59,00:01
38111,11,Both,Normal,00:00 - 23:59,00:01
38111,12,Both,Normal,00:00 - 23:59,00:01
38111,13,Both,Normal,00:00 - 23:59,00:01
38111,14,Both,Normal,00:00 - 23:59,00:01
38111,15,Both,Normal,00:00 - 23:59,00:01
38111,16,Both,Normal,00:00 - 23:59,00:01
38111,17,Both,Normal,00:00 - 23:59,00:01
38111,18,Both,Normal,00:00 - 23:59,00:01
38111,19,Both,Normal,00:00 - 23:59,00:01
38111,20,Both,Normal,00:00 - 23:59,00:01
1052355,1,Both,Normal,00:00 - 23:59,00:15
1234568,1,Both,Normal,00:00 - 23:59,00:15
1234568,2,Both,Normal,00:00 - 23:59,00:15
1234569,1,Both,Normal,00:00 - 23:59,00:15
1234569,2,Both,Normal,00:00 - 23:59,00:15
1234569,3,Both,Normal,00:00 - 23:59,00:15
1910827,1,Both,Normal,00:00 - 23:59,00:15
1910827,2,Both,Normal,00:00 - 23:59,00:15
1929601,1,Both,Normal,00:00 - 23:59,00:15
1929604,1,Both,Normal,00:00 - 23:59,00:15
1929605,1,Both,Normal,00:00 - 23:59,00:15
1929646,1,Both,Normal,00:00 - 23:59,00:15
1930001,1,Both,Normal,00:00 - 23:59,00:15
1930302,1,Both,Normal,00:00 - 23:59,00:15
1930310,1,Both,Normal,00:00 - 23:59,00:15
1931007,1,Both,Normal,00:00 - 23:59,00:15
1931012,1,Both,Normal,00:00 - 23:59,00:15
1931028,1,Both,Normal,00:00 - 23:59,00:15
1931035,1,Both,Normal,00:00 - 23:59,00:15
1931901,1,Both,Normal,00:00 - 23:59,00:15
1931906,1,Both,Normal,00:00 - 23:59,00:15
1931930,1,Both,Normal,00:00 - 23:59,00:15
1932111,1,Both,Normal,00:00 - 23:59,00:15
2103200,1,Both,Normal,00:00 - 23:59,00:15
2103201,1,Both,Normal,00:00 - 23:59,00:15
2103202,1,Both,Normal,00:00 - 23:59,00:15
3225800,1,Both,Normal,00:00 - 23:59,00:15
4826980,1,Both,Normal,00:00 - 23:59,00:15
6126812,1,Both,Normal,00:00 - 23:59,00:15
6126816,1,Both,Normal,00:00 - 23:59,00:15
7892100,1,Both,Normal,00:00 - 23:59,00:15
8880030,1,Both,Normal,00:00 - 23:59,00:15
8880030,2,Both,Normal,00:00 - 23:59,00:15
8880030,3,Both,Normal,00:00 - 23:59,00:15
8880030,4,Both,Normal,00:00 - 23:59,00:15
9999999,1,Both,Normal,00:00 - 23:59,00:15
38110,1,Both,Normal,00:00 - 23:59,00:15
53002,1,Both,Normal,00:00 - 23:59,00:15
53008,1,Both,Normal,00:00 - 23:59,00:15
53015,1,Both,Normal,00:00 - 23:59,00:15
53021,1,Both,Normal,00:00 - 23:59,00:15
53024,1,Both,Normal,00:00 - 23:59,00:15
53029,1,Both,Normal,00:00 - 23:59,00:15
53031,1,Both,Normal,00:00 - 23:59,00:15
53034,1,Both,Normal,00:00 - 23:59,00:15
53041,1,Both,Normal,00:00 - 23:59,00:15
53057,1,Both,Normal,00:00 - 23:59,00:15
53060,1,Both,Normal,00:00 - 23:59,00:15
53062,1,Both,Normal,00:00 - 23:59,00:15
53063,1,Both,Normal,00:00 - 23:59,00:15
53072,1,Both,Normal,00:00 - 23:59,00:15
53075,1,Both,Normal,00:00 - 23:59,00:15
53080,1,Both,Normal,00:00 - 23:59,00:15
1162602,1,Both,Normal,00:00 - 23:59,00:15
1234567,1,Both,Normal,00:00 - 23:59,00:15
1422601,1,Both,Normal,00:00 - 23:59,00:15
1423200,1,Both,Normal,00:00 - 23:59,00:15
1764550,1,Both,Normal,00:00 - 23:59,00:15
1928903,1,Both,Normal,00:00 - 23:59,00:15
1928904,1,Both,Normal,00:00 - 23:59,00:15
1928909,1,Both,Normal,00:00 - 23:59,00:15
1928910,1,Both,Normal,00:00 - 23:59,00:15
1929610,1,Both,Normal,00:00 - 23:59,00:15
1929805,1,Both,Normal,00:00 - 23:59,00:15
1929808,1,Both,Normal,00:00 - 23:59,00:15
1929902,1,Both,Normal,00:00 - 23:59,00:15
1929906,1,Both,Normal,00:00 - 23:59,00:15
1929909,1,Both,Normal,00:00 - 23:59,00:15
1930301,1,Both,Normal,00:00 - 23:59,00:15
1930304,1,Both,Normal,00:00 - 23:59,00:15
1930306,1,Both,Normal,00:00 - 23:59,00:15
1930311,1,Both,Normal,00:00 - 23:59,00:15
1931000,1,Both,Normal,00:00 - 23:59,00:15
1931001,1,Both,Normal,00:00 - 23:59,00:15
1931004,1,Both,Normal,00:00 - 23:59,00:15
1931029,1,Both,Normal,00:00 - 23:59,00:15
1931030,1,Both,Normal,00:00 - 23:59,00:15
1931601,1,Both,Normal,00:00 - 23:59,00:15
1931604,1,Both,Normal,00:00 - 23:59,00:15
1931609,1,Both,Normal,00:00 - 23:59,00:15
1931620,1,Both,Normal,00:00 - 23:59,00:15
1931624,1,Both,Normal,00:00 - 23:59,00:15
1931625,1,Both,Normal,00:00 - 23:59,00:15
1931900,1,Both,Normal,00:00 - 23:59,00:15
1931905,1,Both,Normal,00:00 - 23:59,00:15
1931907,1,Both,Normal,00:00 - 23:59,00:15
1931908,1,Both,Normal,00:00 - 23:59,00:15
1931909,1,Both,Normal,00:00 - 23:59,00:15
1931911,1,Both,Normal,00:00 - 23:59,00:15
1931912,1,Both,Normal,00:00 - 23:59,00:15
1931914,1,Both,Normal,00:00 - 23:59,00:15
1931915,1,Both,Normal,00:00 - 23:59,00:15
1931917,1,Both,Normal,00:00 - 23:59,00:15
1932102,1,Both,Normal,00:00 - 23:59,00:15
1932103,1,Both,Normal,00:00 - 23:59,00:15
1932106,1,Both,Normal,00:00 - 23:59,00:15
1932110,1,Both,Normal,00:00 - 23:59,00:15
1932121,1,Both,Normal,00:00 - 23:59,00:15
1932144,1,Both,Normal,00:00 - 23:59,00:15
1932147,1,Both,Normal,00:00 - 23:59,00:15
1932155,1,Both,Normal,00:00 - 23:59,00:15
2336400,1,Both,Normal,00:00 - 23:59,00:15
3328600,1,Both,Normal,00:00 - 23:59,00:15
6126802,1,Both,Normal,00:00 - 23:59,00:15
6126803,1,Both,Normal,00:00 - 23:59,00:15
6126804,1,Both,Normal,00:00 - 23:59,00:15
6126806,1,Both,Normal,00:00 - 23:59,00:15
6126807,1,Both,Normal,00:00 - 23:59,00:15
6126808,1,Both,Normal,00:00 - 23:59,00:15
6126810,1,Both,Normal,00:00 - 23:59,00:15
6126811,1,Both,Normal,00:00 - 23:59,00:15
6126813,1,Both,Normal,00:00 - 23:59,00:15
6126820,1,Both,Normal,00:00 - 23:59,00:15
6172702,1,Both,Normal,00:00 - 23:59,00:15
6888100,1,Both,Normal,00:00 - 23:59,00:15
5041520,1,Both,Normal,00:00 - 23:59,00:15
3145,1,Both,Normal,00:00 - 23:59,00:15
38508,1,Both,Normal,00:00 - 23:59,00:15
35100,1,Both,Normal,00:00 - 23:59,00:15
35100,2,Both,Normal,00:00 - 23:59,00:15
35100,3,Both,Normal,00:00 - 23:59,00:15
35100,4,Both,Normal,00:00 - 23:59,00:15
4460,1,Both,Normal,00:00 - 23:59,00:15
6261,1,Both,Normal,00:00 - 23:59,00:15
50876,1,Both,Normal,00:00 - 23:59,00:15
50877,1,Both,Normal,00:00 - 23:59,00:15
50878,1,Both,Normal,00:00 - 23:59,00:15
50885,1,Both,Normal,00:00 - 23:59,00:15
50891,1,Both,Normal,00:00 - 23:59,00:15
53012,1,Both,Normal,00:00 - 23:59,00:15
53017,1,Both,Normal,00:00 - 23:59,00:15
53052,1,Both,Normal,00:00 - 23:59,00:15
57816,1,Both,Normal,00:00 - 23:59,00:15
57840,1,Both,Normal,00:00 - 23:59,00:15
57841,1,Both,Normal,00:00 - 23:59,00:15
57843,1,Both,Normal,00:00 - 23:59,00:15
57845,1,Both,Normal,00:00 - 23:59,00:15
57864,1,Both,Normal,00:00 - 23:59,00:15
57879,1,Both,Normal,00:00 - 23:59,00:15
57908,1,Both,Normal,00:00 - 23:59,00:15
57909,1,Both,Normal,00:00 - 23:59,00:15
57918,1,Both,Normal,00:00 - 23:59,00:15
57923,1,Both,Normal,00:00 - 23:59,00:15
57926,1,Both,Normal,00:00 - 23:59,00:15
58004,1,Both,Normal,00:00 - 23:59,00:15
58011,1,Both,Normal,00:00 - 23:59,00:15
53074,1,Both,Normal,00:00 - 23:59,00:15
50907,1,Both,Normal,00:00 - 23:59,00:15
53069,1,Both,Normal,00:00 - 23:59,00:15
53073,1,Both,Normal,00:00 - 23:59,00:15
53078,1,Both,Normal,00:00 - 23:59,00:15
53079,1,Both,Normal,00:00 - 23:59,00:15
53082,1,Both,Normal,00:00 - 23:59,00:15
4854,1,Both,Normal,00:00 - 23:59,00:15
2063,1,Both,Normal,00:00 - 23:59,00:15
53014,1,Both,Normal,00:00 - 23:59,00:15
8881000,1,Both,Normal,00:00 - 23:59,00:05
8881000,2,Both,Normal,00:00 - 23:59,00:05
8881000,3,Both,Normal,00:00 - 23:59,00:05
storage001,1,Both,Normal,00:00 - 23:59,00:15
storage003,1,Both,Normal,00:00 - 23:59,00:15
53092,1,Both,Normal,00:00 - 23:59,00:15
53094,1,Both,Normal,00:00 - 23:59,00:15
53095,1,Both,Normal,00:00 - 23:59,00:15
4804,1,Both,Normal,00:00 - 23:59,00:15
4824,1,Both,Normal,00:00 - 23:59,00:15
4816,1,Both,Normal,00:00 - 23:59,00:15
4829,1,Both,Normal,00:00 - 23:59,00:15
4783,1,Both,Normal,00:00 - 23:59,00:15
4798,1,Both,Normal,00:00 - 23:59,00:15
4799,1,Both,Normal,00:00 - 23:59,00:15
4797,1,Both,Normal,00:00 - 23:59,00:15
4831,1,Both,Normal,00:00 - 23:59,00:15
4846,1,Both,Normal,00:00 - 23:59,00:15
4840,1,Both,Normal,00:00 - 23:59,00:15
4497,1,Both,Normal,00:00 - 23:59,00:15
53068,1,Both,Normal,00:00 - 23:59,00:15
4843,1,Both,Normal,00:00 - 23:59,00:15
1929603,1,Both,Normal,00:00 - 23:59,00:15
38510,1,Both,Normal,00:00 - 23:59,00:15
1929602,1,Both,Normal,00:00 - 23:59,00:15
1929600,1,Both,Normal,00:00 - 23:59,00:15
62207,1,Both,Normal,00:00 - 23:59,00:15
53010,1,Both,Normal,00:00 - 23:59,00:15
53027,1,Both,Normal,00:00 - 23:59,00:15
4838,1,Both,Normal,00:00 - 23:59,00:15
4780,1,Both,Normal,00:00 - 23:59,00:15
2259,1,Both,Normal,00:00 - 23:59,00:15
2934,1,Both,Double Decker,00:00 - 23:59,00:15
3295,1,Both,Normal,00:00 - 23:59,00:15
3300,1,Both,Normal,00:00 - 23:59,00:15
4564,1,Both,Normal,00:00 - 23:59,00:15
6156,1,Both,Normal,00:00 - 23:59,00:15
6443,1,Both,Normal,00:00 - 23:59,00:15
6686,1,Both,Normal,00:00 - 23:59,00:15
53099,1,Both,Normal,00:00 - 23:59,00:15
53093,1,Both,Normal,00:00 - 23:59,00:15
4888,1,Both,Normal,00:00 - 23:59,00:15
53025,1,Both,Normal,00:00 - 23:59,00:15
53011,1,Both,Normal,00:00 - 23:59,00:15
53051,1,Both,Normal,00:00 - 23:59,00:15
53009,1,Both,Normal,00:00 - 23:59,00:15
53043,1,Both,Normal,00:00 - 23:59,00:15
53098,1,Both,Normal,00:00 - 23:59,00:15
3459920,1,Both,Normal,00:00 - 23:59,00:15
6668,1,Both,Normal,00:00 - 23:59,00:15
6485,1,Both,Normal,00:00 - 23:59,00:15
2304,1,Both,Normal,00:00 - 23:59,00:15
2365,1,Both,Normal,00:00 - 23:59,00:01
2468,1,Both,Normal,00:00 - 23:59,00:15
2486,1,Both,Normal,00:00 - 23:59,00:15
2522,1,Both,Normal,00:00 - 23:59,00:15
2620,1,Both,Normal,00:00 - 23:59,00:15
2774,1,Both,Normal,00:00 - 23:59,00:15
3033,1,Both,Normal,00:00 - 23:59,00:15
3072,1,Both,Normal,00:00 - 23:59,00:15
3287,1,Both,Normal,00:00 - 23:59,00:15
3296,1,Both,Normal,00:00 - 23:59,00:15
3575,1,Both,Normal,00:00 - 23:59,00:15
4369,1,Both,Normal,00:00 - 23:59,00:01
4625,1,Both,Normal,00:00 - 23:59,00:15
4898,1,Both,Normal,00:00 - 23:59,00:15
4918,1,Both,Normal,00:00 - 23:59,00:15
5256,1,Both,Normal,00:00 - 23:59,00:15
5258,1,Both,Normal,00:00 - 23:59,00:15
5319,1,Both,Normal,00:00 - 23:59,00:01
5349,1,Both,Normal,00:00 - 23:59,00:01
5534,1,Both,Normal,00:00 - 23:59,00:15
5616,1,Both,Normal,00:00 - 23:59,00:15
5676,1,Both,Normal,00:00 - 23:59,00:15
5865,1,Both,Normal,00:00 - 23:59,00:15
5884,1,Both,Normal,00:00 - 23:59,00:15
5891,1,Both,Normal,00:00 - 23:59,00:15
5910,1,Both,Normal,00:00 - 23:59,00:15
5919,1,Both,Normal,00:00 - 23:59,00:15
5920,1,Both,Normal,00:00 - 23:59,00:15
6061,1,Both,Normal,00:00 - 23:59,00:15
6087,1,Both,Normal,00:00 - 23:59,00:15
6097,1,Both,Normal,00:00 - 23:59,00:15
6107,1,Both,Normal,00:00 - 23:59,00:15
6115,1,Both,Normal,00:00 - 23:59,00:15
6176,1,Both,Normal,00:00 - 23:59,00:15
6303,1,Both,Normal,00:00 - 23:59,00:15
6304,1,Both,Normal,00:00 - 23:59,00:15
6377,1,Both,Normal,00:00 - 23:59,00:15
6594,1,Both,Normal,00:00 - 23:59,00:15
6657,1,Both,Normal,00:00 - 23:59,00:15
6842,1,Both,Normal,00:00 - 23:59,00:15
6896,1,Both,Normal,00:00 - 23:59,00:15
2188,1,Both,Normal,00:00 - 23:59,00:15
2278,1,Both,Normal,00:00 - 23:59,00:15
2371,1,Both,Double Decker,00:00 - 23:59,00:15
2562,1,Both,Normal,00:00 - 23:59,00:15
2638,1,Both,Double Decker,00:00 - 23:59,00:15
2914,1,Both,Normal,00:00 - 23:59,00:15
2915,1,Both,Normal,00:00 - 23:59,00:15
2916,1,Both,Normal,00:00 - 23:59,00:15
2917,1,Both,Double Decker,00:00 - 23:59,00:15
2938,1,Both,Normal,00:00 - 23:59,00:15
2968,1,Both,Normal,00:00 - 23:59,00:15
2969,1,Both,Double Decker,00:00 - 23:59,00:15
2971,1,Both,Double Decker,00:00 - 23:59,00:15
3223,1,Both,Normal,00:00 - 23:59,00:15
3255,1,Both,Normal,00:00 - 23:59,00:15
3303,1,Both,Normal,00:00 - 23:59,00:15
3468,1,Both,Normal,00:00 - 23:59,00:15
4346,1,Both,Normal,00:00 - 23:59,00:15
4347,1,Both,Normal,00:00 - 23:59,00:15
4358,1,Both,Normal,00:00 - 23:59,00:15
4561,1,Both,Normal,00:00 - 23:59,00:15
4802,1,Both,Normal,00:00 - 23:59,00:15
5021,1,Both,Normal,00:00 - 23:59,00:15
5071,1,Both,Normal,00:00 - 23:59,00:15
5108,1,Both,Normal,00:00 - 23:59,00:15
5109,1,Both,Double Decker,00:00 - 23:59,00:15
5185,1,Both,Double Decker,00:00 - 23:59,00:15
5187,1,Both,Normal,00:00 - 23:59,00:15
5201,1,Both,Normal,00:00 - 23:59,00:15
5254,1,Both,Normal,00:00 - 23:59,00:15
5274,1,Both,Normal,00:00 - 23:59,00:15
5276,1,Both,Normal,00:00 - 23:59,00:15
5340,1,Both,Normal,00:00 - 23:59,00:15
5373,1,Both,Normal,00:00 - 23:59,00:15
5395,1,Both,Normal,00:00 - 23:59,00:15
5412,1,Both,Normal,00:00 - 23:59,00:15
5457,1,Both,Normal,00:00 - 23:59,00:15
5496,1,Both,Normal,00:00 - 23:59,00:15
5596,1,Both,Normal,00:00 - 23:59,00:15
5658,1,Both,Normal,00:00 - 23:59,00:15
5805,1,Both,Normal,00:00 - 23:59,00:15
5819,1,Both,Normal,00:00 - 23:59,00:15
5847,1,Both,Normal,00:00 - 23:59,00:15
5866,1,Both,Normal,00:00 - 23:59,00:15
5936,1,Both,Normal,00:00 - 23:59,00:15
5967,1,Both,Normal,00:00 - 23:59,00:15
5970,1,Both,Normal,00:00 - 23:59,00:15
6058,1,Both,Normal,00:00 - 23:59,00:15
6086,1,Both,Normal,00:00 - 23:59,00:15
6128,1,Both,Normal,00:00 - 23:59,00:15
6168,1,Both,Normal,00:00 - 23:59,00:15
6334,1,Both,Normal,00:00 - 23:59,00:15
6407,1,Both,Normal,00:00 - 23:59,00:15
6502,1,Both,Normal,00:00 - 23:59,00:15
6513,1,Both,Normal,00:00 - 23:59,00:15
6520,1,Both,Normal,00:00 - 23:59,00:15
6524,1,Both,Normal,00:00 - 23:59,00:15
6536,1,Both,Normal,00:00 - 23:59,00:15
6597,1,Both,Normal,00:00 - 23:59,00:15
6606,1,Both,Normal,00:00 - 23:59,00:15
6653,1,Both,Normal,00:00 - 23:59,00:15
6715,1,Both,Normal,00:00 - 23:59,00:15
6761,1,Both,Normal,00:00 - 23:59,00:15
6781,1,Both,Normal,00:00 - 23:59,00:15
6864,1,Both,Normal,00:00 - 23:59,00:15
2004,1,Both,Normal,00:00 - 23:59,00:15
2031,1,Both,Normal,00:00 - 23:59,00:15
2039,1,Both,Normal,00:00 - 23:59,00:15
2094,1,Both,Normal,00:00 - 23:59,00:15
2140,1,Both,Normal,00:00 - 23:59,00:15
2143,1,Both,Normal,00:00 - 23:59,00:15
2177,1,Both,Normal,00:00 - 23:59,00:15
2191,1,Both,Normal,00:00 - 23:59,00:15
2200,1,Both,Double Decker,00:00 - 23:59,00:15
2203,1,Both,Normal,00:00 - 23:59,00:15
2208,1,Both,Normal,00:00 - 23:59,00:15
2211,1,Both,Normal,00:00 - 23:59,00:15
2253,1,Both,Normal,00:00 - 23:59,00:15
2270,1,Both,Normal,00:00 - 23:59,00:15
2342,1,Both,Normal,00:00 - 23:59,00:15
2345,1,Both,Normal,00:00 - 23:59,00:15
2348,1,Both,Normal,00:00 - 23:59,00:15
2395,1,Both,Normal,00:00 - 23:59,00:15
2422,1,Both,Double Decker,00:00 - 23:59,00:15
2438,1,Both,Normal,00:00 - 23:59,00:15
2445,1,Both,Normal,00:00 - 23:59,00:15
2449,1,Both,Normal,00:00 - 23:59,00:15
2450,1,Both,Normal,00:00 - 23:59,00:15
2485,1,Both,Normal,00:00 - 23:59,00:15
2526,1,Both,Normal,00:00 - 23:59,00:15
2531,1,Both,Normal,00:00 - 23:59,00:15
2535,1,Both,Normal,00:00 - 23:59,00:15
2541,1,Both,Normal,00:00 - 23:59,00:15
2556,1,Both,Normal,00:00 - 23:59,00:15
2560,1,Both,Double Decker,00:00 - 23:59,00:15
2572,1,Both,Normal,00:00 - 23:59,00:15
2577,1,Both,Normal,00:00 - 23:59,00:15
2596,1,Both,Normal,00:00 - 23:59,00:15
2680,1,Both,Normal,00:00 - 23:59,00:15
2723,1,Both,Normal,00:00 - 23:59,00:15
2803,1,Both,Normal,00:00 - 23:59,00:15
2821,1,Both,Normal,00:00 - 23:59,00:15
2857,1,Both,Normal,00:00 - 23:59,00:15
2860,1,Both,Normal,00:00 - 23:59,00:15
2902,1,Both,Normal,00:00 - 23:59,00:15
2903,1,Both,Normal,00:00 - 23:59,00:15
2906,1,Both,Normal,00:00 - 23:59,00:15
2965,1,Both,Normal,00:00 - 23:59,00:15
3003,1,Both,Normal,00:00 - 23:59,00:15
3007,1,Both,Normal,00:00 - 23:59,00:15
3038,1,Both,Normal,00:00 - 23:59,00:15
3066,1,Both,Normal,00:00 - 23:59,00:15
3068,1,Both,Normal,00:00 - 23:59,00:15
3070,1,Both,Normal,00:00 - 23:59,00:15
3077,1,Both,Normal,00:00 - 23:59,00:15
3078,1,Both,Normal,00:00 - 23:59,00:15
3112,1,Both,Double Decker,00:00 - 23:59,00:15
3116,1,Both,Normal,00:00 - 23:59,00:15
3137,1,Both,Normal,00:00 - 23:59,00:15
3148,1,Both,Normal,00:00 - 23:59,00:15
3179,1,Both,Normal,00:00 - 23:59,00:15
3180,1,Both,Normal,00:00 - 23:59,00:15
3189,1,Both,Normal,00:00 - 23:59,00:15
3205,1,Both,Normal,00:00 - 23:59,00:15
3232,1,Both,Normal,00:00 - 23:59,00:15
3235,1,Both,Double Decker,00:00 - 23:59,00:15
3246,1,Both,Normal,00:00 - 23:59,00:15
3257,1,Both,Normal,00:00 - 23:59,00:15
3283,1,Both,Normal,00:00 - 23:59,00:15
3292,1,Both,Normal,00:00 - 23:59,00:15
3304,1,Both,Normal,00:00 - 23:59,00:15
3330,1,Both,Normal,00:00 - 23:59,00:15
3355,1,Both,Normal,00:00 - 23:59,00:15
3386,1,Both,Normal,00:00 - 23:59,00:15
3389,1,Both,Normal,00:00 - 23:59,00:15
3399,1,Both,Normal,00:00 - 23:59,00:15
3400,1,Both,Normal,00:00 - 23:59,00:15
3401,1,Both,Normal,00:00 - 23:59,00:15
3402,1,Both,Normal,00:00 - 23:59,00:15
3446,1,Both,Normal,00:00 - 23:59,00:15
4342,1,Both,Normal,00:00 - 23:59,00:15
4356,1,Both,Normal,00:00 - 23:59,00:15
4376,1,Both,Normal,00:00 - 23:59,00:15
4387,1,Both,Normal,00:00 - 23:59,00:15
4392,1,Both,Normal,00:00 - 23:59,00:15
4490,1,Both,Normal,00:00 - 23:59,00:15
4498,1,Both,Normal,00:00 - 23:59,00:15
4502,1,Both,Normal,00:00 - 23:59,00:15
4616,1,Both,Normal,00:00 - 23:59,00:15
4619,1,Both,Normal,00:00 - 23:59,00:15
4647,1,Both,Normal,00:00 - 23:59,00:15
4791,1,Both,Normal,00:00 - 23:59,00:15
4808,1,Both,Normal,00:00 - 23:59,00:15
4817,1,Both,Normal,00:00 - 23:59,00:15
4836,1,Both,Normal,00:00 - 23:59,00:15
4857,1,Both,Normal,00:00 - 23:59,00:15
4875,1,Both,Normal,00:00 - 23:59,00:15
4894,1,Both,Normal,00:00 - 23:59,00:15
4935,1,Both,Normal,00:00 - 23:59,00:15
5001,1,Both,Normal,00:00 - 23:59,00:15
5003,1,Both,Normal,00:00 - 23:59,00:15
5061,1,Both,Normal,00:00 - 23:59,00:15
5069,1,Both,Normal,00:00 - 23:59,00:15
5102,1,Both,Normal,00:00 - 23:59,00:15
5122,1,Both,Normal,00:00 - 23:59,00:15
5145,1,Both,Normal,00:00 - 23:59,00:15
5214,1,Both,Normal,00:00 - 23:59,00:15
5226,1,Both,Normal,00:00 - 23:59,00:15
5233,1,Both,Normal,00:00 - 23:59,00:15
5234,1,Both,Normal,00:00 - 23:59,00:15
5238,1,Both,Normal,00:00 - 23:59,00:15
5311,1,Both,Normal,00:00 - 23:59,00:15
5337,1,Both,Normal,00:00 - 23:59,00:15
5346,1,Both,Normal,00:00 - 23:59,00:15
5356,1,Both,Normal,00:00 - 23:59,00:15
5374,1,Both,Normal,00:00 - 23:59,00:15
5420,1,Both,Normal,00:00 - 23:59,00:15
5424,1,Both,Normal,00:00 - 23:59,00:15
5444,1,Both,Normal,00:00 - 23:59,00:15
5470,1,Both,Normal,00:00 - 23:59,00:15
5510,1,Both,Normal,00:00 - 23:59,00:15
5511,1,Both,Normal,00:00 - 23:59,00:15
5514,1,Both,Normal,00:00 - 23:59,00:15
5530,1,Both,Normal,00:00 - 23:59,00:15
5537,1,Both,Normal,00:00 - 23:59,00:15
5560,1,Both,Normal,00:00 - 23:59,00:15
5601,1,Both,Double Decker,00:00 - 23:59,00:15
5608,1,Both,Normal,00:00 - 23:59,00:15
5645,1,Both,Normal,00:00 - 23:59,00:15
5649,1,Both,Normal,00:00 - 23:59,00:15
5651,1,Both,Normal,00:00 - 23:59,00:15
5686,1,Both,Normal,00:00 - 23:59,00:15
5687,1,Both,Normal,00:00 - 23:59,00:15
5708,1,Both,Normal,00:00 - 23:59,00:15
5710,1,Both,Normal,00:00 - 23:59,00:15
5729,1,Both,Normal,00:00 - 23:59,00:15
5735,1,Both,Normal,00:00 - 23:59,00:15
5857,1,Both,Normal,00:00 - 23:59,00:15
5863,1,Both,Normal,00:00 - 23:59,00:15
5882,1,Both,Normal,00:00 - 23:59,00:15
5904,1,Both,Normal,00:00 - 23:59,00:15
5942,1,Both,Normal,00:00 - 23:59,00:15
5998,1,Both,Normal,00:00 - 23:59,00:15
5999,1,Both,Normal,00:00 - 23:59,00:15
6071,1,Both,Normal,00:00 - 23:59,00:15
6093,1,Both,Normal,00:00 - 23:59,00:15
6094,1,Both,Normal,00:00 - 23:59,00:15
6104,1,Both,Normal,00:00 - 23:59,00:15
6133,1,Both,Normal,00:00 - 23:59,00:15
6147,1,Both,Normal,00:00 - 23:59,00:15
6166,1,Both,Normal,00:00 - 23:59,00:15
6196,1,Both,Normal,00:00 - 23:59,00:15
6220,1,Both,Normal,00:00 - 23:59,00:15
6224,1,Both,Normal,00:00 - 23:59,00:15
6239,1,Both,Normal,00:00 - 23:59,00:15
6260,1,Both,Normal,00:00 - 23:59,00:15
6290,1,Both,Normal,00:00 - 23:59,00:15
6335,1,Both,Normal,00:00 - 23:59,00:15
6372,1,Both,Normal,00:00 - 23:59,00:15
6386,1,Both,Normal,00:00 - 23:59,00:15
6424,1,Both,Normal,00:00 - 23:59,00:15
6495,1,Both,Normal,00:00 - 23:59,00:15
6496,1,Both,Normal,00:00 - 23:59,00:15
6500,1,Both,Normal,00:00 - 23:59,00:15
6511,1,Both,Normal,00:00 - 23:59,00:15
6523,1,Both,Normal,00:00 - 23:59,00:15
6531,1,Both,Normal,00:00 - 23:59,00:15
6575,1,Both,Normal,00:00 - 23:59,00:15
6630,1,Both,Normal,00:00 - 23:59,00:15
6637,1,Both,Normal,00:00 - 23:59,00:15
6650,1,Both,Normal,00:00 - 23:59,00:15
6664,1,Both,Normal,00:00 - 23:59,00:15
6675,1,Both,Normal,00:00 - 23:59,00:15
6690,1,Both,Normal,00:00 - 23:59,00:15
6698,1,Both,Normal,00:00 - 23:59,00:15
6706,1,Both,Normal,00:00 - 23:59,00:15
6725,1,Both,Normal,00:00 - 23:59,00:15
6763,1,Both,Normal,00:00 - 23:59,00:15
6765,1,Both,Normal,00:00 - 23:59,00:15
6774,1,Both,Normal,00:00 - 23:59,00:15
6784,1,Both,Normal,00:00 - 23:59,00:15
6785,1,Both,Normal,00:00 - 23:59,00:15
6790,1,Both,Normal,00:00 - 23:59,00:15
6802,1,Both,Normal,00:00 - 23:59,00:15
6827,1,Both,Normal,00:00 - 23:59,00:15
6835,1,Both,Normal,00:00 - 23:59,00:15
6843,1,Both,Normal,00:00 - 23:59,00:15
6885,1,Both,Normal,00:00 - 23:59,00:15
6981,1,Both,Normal,00:00 - 23:59,00:15
6999,1,Both,Normal,00:00 - 23:59,00:15
57817,1,Both,Normal,00:00 - 23:59,00:15
57844,1,Both,Normal,00:00 - 23:59,00:15
57880,1,Both,Normal,00:00 - 23:59,00:15
57881,1,Both,Normal,00:00 - 23:59,00:15
57890,1,Both,Normal,00:00 - 23:59,00:15
57906,1,Both,Normal,00:00 - 23:59,00:15
57912,1,Both,Normal,00:00 - 23:59,00:15
57917,1,Both,Normal,00:00 - 23:59,00:15
57952,1,Both,Normal,00:00 - 23:59,00:15
57986,1,Both,Normal,00:00 - 23:59,00:15
57989,1,Both,Normal,00:00 - 23:59,00:15
57991,1,Both,Normal,00:00 - 23:59,00:15
57992,1,Both,Normal,00:00 - 23:59,00:15
57994,1,Both,Normal,00:00 - 23:59,00:15
999,1,Both,Normal,00:00 - 23:59,00:01
38507,1,Both,Normal,00:00 - 23:59,00:15
6029,1,Both,Normal,00:00 - 23:59,00:15
2058,1,Both,Normal,00:00 - 23:59,00:15
2065,1,Both,Double Decker,00:00 - 23:59,00:15
2072,1,Both,Normal,00:00 - 23:59,00:15
2073,1,Both,Normal,00:00 - 23:59,00:15
2078,1,Both,Normal,00:00 - 23:59,00:15
2082,1,Both,Normal,00:00 - 23:59,00:15
2092,1,Both,Normal,00:00 - 23:59,00:15
2097,1,Both,Normal,00:00 - 23:59,00:15
2101,1,Both,Normal,00:00 - 23:59,00:15
2134,1,Both,Normal,00:00 - 23:59,00:15
2152,1,Both,Normal,00:00 - 23:59,00:15
2161,1,Both,Normal,00:00 - 23:59,00:15
2166,1,Both,Double Decker,00:00 - 23:59,00:15
2169,1,Both,Normal,00:00 - 23:59,00:15
2172,1,Both,Normal,00:00 - 23:59,00:15
2174,1,Both,Double Decker,00:00 - 23:59,00:15
2176,1,Both,Normal,00:00 - 23:59,00:15
2179,1,Both,Normal,00:00 - 23:59,00:15
2190,1,Both,Normal,00:00 - 23:59,00:15
2218,1,Both,Normal,00:00 - 23:59,00:15
2239,1,Both,Normal,00:00 - 23:59,00:15
2249,1,Both,Normal,00:00 - 23:59,00:15
2265,1,Both,Normal,00:00 - 23:59,00:15
2271,1,Both,Normal,00:00 - 23:59,00:15
2297,1,Both,Normal,00:00 - 23:59,00:15
2299,1,Both,Normal,00:00 - 23:59,00:15
2310,1,Both,Double Decker,00:00 - 23:59,00:15
2326,1,Both,Double Decker,00:00 - 23:59,00:15
2327,1,Both,Normal,00:00 - 23:59,00:15
2329,1,Both,Normal,00:00 - 23:59,00:15
2330,1,Both,Normal,00:00 - 23:59,00:15
2357,1,Both,Normal,00:00 - 23:59,00:15
2373,1,Both,Normal,00:00 - 23:59,00:15
2377,1,Both,Normal,00:00 - 23:59,00:15
2391,1,Both,Normal,00:00 - 23:59,00:15
2393,1,Both,Normal,00:00 - 23:59,00:15
2394,1,Both,Normal,00:00 - 23:59,00:15
2436,1,Both,Normal,00:00 - 23:59,00:15
2469,1,Both,Normal,00:00 - 23:59,00:15
2470,1,Both,Double Decker,00:00 - 23:59,00:15
2502,1,Both,Normal,00:00 - 23:59,00:15
2506,1,Both,Normal,00:00 - 23:59,00:15
2527,1,Both,Normal,00:00 - 23:59,00:15
2554,1,Both,Normal,00:00 - 23:59,00:15
2568,1,Both,Normal,00:00 - 23:59,00:15
2569,1,Both,Normal,00:00 - 23:59,00:15
2574,1,Both,Normal,00:00 - 23:59,00:15
2600,1,Both,Normal,00:00 - 23:59,00:15
2603,1,Both,Normal,00:00 - 23:59,00:15
2618,1,Both,Normal,00:00 - 23:59,00:15
2619,1,Both,Normal,00:00 - 23:59,00:15
2621,1,Both,Normal,00:00 - 23:59,00:15
2634,1,Both,Normal,00:00 - 23:59,00:15
2639,1,Both,Normal,00:00 - 23:59,00:15
2665,1,Both,Normal,00:00 - 23:59,00:15
2671,1,Both,Normal,00:00 - 23:59,00:15
2684,1,Both,Normal,00:00 - 23:59,00:15
2685,1,Both,Normal,00:00 - 23:59,00:15
2697,1,Both,Normal,00:00 - 23:59,00:15
2709,1,Both,Normal,00:00 - 23:59,00:15
2720,1,Both,Normal,00:00 - 23:59,00:15
2722,1,Both,Normal,00:00 - 23:59,00:15
2726,1,Both,Normal,00:00 - 23:59,00:15
2730,1,Both,Normal,00:00 - 23:59,00:15
2745,1,Both,Normal,00:00 - 23:59,00:15
2747,1,Both,Normal,00:00 - 23:59,00:15
2748,1,Both,Double Decker,00:00 - 23:59,00:15
2751,1,Both,Normal,00:00 - 23:59,00:15
2757,1,Both,Normal,00:00 - 23:59,00:15
2775,1,Both,Normal,00:00 - 23:59,00:15
2777,1,Both,Normal,00:00 - 23:59,00:15
2789,1,Both,Normal,00:00 - 23:59,00:15
2805,1,Both,Normal,00:00 - 23:59,00:15
2806,1,Both,Normal,00:00 - 23:59,00:15
2807,1,Both,Normal,00:00 - 23:59,00:15
2826,1,Both,Normal,00:00 - 23:59,00:15
2832,1,Both,Normal,00:00 - 23:59,00:15
2848,1,Both,Normal,00:00 - 23:59,00:15
2877,1,Both,Double Decker,00:00 - 23:59,00:15
2882,1,Both,Double Decker,00:00 - 23:59,00:15
2889,1,Both,Double Decker,00:00 - 23:59,00:15
2948,1,Both,Normal,00:00 - 23:59,00:15
2955,1,Both,Double Decker,00:00 - 23:59,00:15
2962,1,Both,Normal,00:00 - 23:59,00:15
2986,1,Both,Normal,00:00 - 23:59,00:15
2988,1,Both,Normal,00:00 - 23:59,00:15
2998,1,Both,Normal,00:00 - 23:59,00:15
3060,1,Both,Normal,00:00 - 23:59,00:15
3069,1,Both,Normal,00:00 - 23:59,00:15
3082,1,Both,Normal,00:00 - 23:59,00:15
3086,1,Both,Normal,00:00 - 23:59,00:15
3093,1,Both,Normal,00:00 - 23:59,00:15
3105,1,Both,Normal,00:00 - 23:59,00:15
3107,1,Both,Normal,00:00 - 23:59,00:15
3120,1,Both,Normal,00:00 - 23:59,00:15
3130,1,Both,Double Decker,00:00 - 23:59,00:15
3131,1,Both,Normal,00:00 - 23:59,00:15
3156,1,Both,Normal,00:00 - 23:59,00:15
3177,1,Both,Normal,00:00 - 23:59,00:15
3215,1,Both,Normal,00:00 - 23:59,00:15
3222,1,Both,Normal,00:00 - 23:59,00:15
3234,1,Both,Double Decker,00:00 - 23:59,00:15
3236,1,Both,Normal,00:00 - 23:59,00:15
3240,1,Both,Double Decker,00:00 - 23:59,00:15
3245,1,Both,Normal,00:00 - 23:59,00:15
3252,1,Both,Normal,00:00 - 23:59,00:15
3256,1,Both,Normal,00:00 - 23:59,00:15
3264,1,Both,Normal,00:00 - 23:59,00:15
3273,1,Both,Normal,00:00 - 23:59,00:15
3291,1,Both,Normal,00:00 - 23:59,00:15
3301,1,Both,Double Decker,00:00 - 23:59,00:15
3305,1,Both,Normal,00:00 - 23:59,00:15
3317,1,Both,Normal,00:00 - 23:59,00:15
3320,1,Both,Normal,00:00 - 23:59,00:15
3322,1,Both,Normal,00:00 - 23:59,00:15
3329,1,Both,Normal,00:00 - 23:59,00:15
3331,1,Both,Normal,00:00 - 23:59,00:15
3332,1,Both,Normal,00:00 - 23:59,00:15
3349,1,Both,Normal,00:00 - 23:59,00:15
3352,1,Both,Normal,00:00 - 23:59,00:15
3356,1,Both,Normal,00:00 - 23:59,00:15
3359,1,Both,Normal,00:00 - 23:59,00:15
3361,1,Both,Normal,00:00 - 23:59,00:15
3366,1,Both,Normal,00:00 - 23:59,00:15
3373,1,Both,Normal,00:00 - 23:59,00:15
3417,1,Both,Normal,00:00 - 23:59,00:15
3422,1,Both,Normal,00:00 - 23:59,00:15
3448,1,Both,Normal,00:00 - 23:59,00:15
3474,1,Both,Normal,00:00 - 23:59,00:15
3482,1,Both,Normal,00:00 - 23:59,00:15
3483,1,Both,Normal,00:00 - 23:59,00:15
3490,1,Both,Double Decker,00:00 - 23:59,00:15
4337,1,Both,Normal,00:00 - 23:59,00:15
4351,1,Both,Normal,00:00 - 23:59,00:15
4359,1,Both,Normal,00:00 - 23:59,00:15
4371,1,Both,Normal,00:00 - 23:59,00:15
4381,1,Both,Normal,00:00 - 23:59,00:15
4389,1,Both,Normal,00:00 - 23:59,00:15
4394,1,Both,Normal,00:00 - 23:59,00:15
4396,1,Both,Normal,00:00 - 23:59,00:15
4400,1,Both,Normal,00:00 - 23:59,00:15
4436,1,Both,Normal,00:00 - 23:59,00:15
4474,1,Both,Normal,00:00 - 23:59,00:15
4483,1,Both,Normal,00:00 - 23:59,00:15
4521,1,Both,Normal,00:00 - 23:59,00:15
4634,1,Both,Normal,00:00 - 23:59,00:15
4815,1,Both,Normal,00:00 - 23:59,00:15
4822,1,Both,Normal,00:00 - 23:59,00:15
4827,1,Both,Normal,00:00 - 23:59,00:15
4828,1,Both,Normal,00:00 - 23:59,00:15
4830,1,Both,Normal,00:00 - 23:59,00:15
4832,1,Both,Normal,00:00 - 23:59,00:15
4835,1,Both,Normal,00:00 - 23:59,00:15
4849,1,Both,Normal,00:00 - 23:59,00:15
4851,1,Both,Normal,00:00 - 23:59,00:15
4901,1,Both,Normal,00:00 - 23:59,00:15
4911,1,Both,Normal,00:00 - 23:59,00:15
4916,1,Both,Normal,00:00 - 23:59,00:15
4923,1,Both,Normal,00:00 - 23:59,00:15
5004,1,Both,Normal,00:00 - 23:59,00:15
5013,1,Both,Normal,00:00 - 23:59,00:15
5084,1,Both,Normal,00:00 - 23:59,00:15
5086,1,Both,Normal,00:00 - 23:59,00:15
5116,1,Both,Normal,00:00 - 23:59,00:15
5120,1,Both,Normal,00:00 - 23:59,00:15
5123,1,Both,Double Decker,00:00 - 23:59,00:15
5125,1,Both,Double Decker,00:00 - 23:59,00:15
5130,1,Both,Normal,00:00 - 23:59,00:15
5140,1,Both,Normal,00:00 - 23:59,00:15
5152,1,Both,Normal,00:00 - 23:59,00:15
5157,1,Both,Normal,00:00 - 23:59,00:15
5158,1,Both,Normal,00:00 - 23:59,00:15
5177,1,Both,Normal,00:00 - 23:59,00:15
5178,1,Both,Normal,00:00 - 23:59,00:15
5196,1,Both,Normal,00:00 - 23:59,00:15
5199,1,Both,Normal,00:00 - 23:59,00:15
5210,1,Both,Double Decker,00:00 - 23:59,00:15
5215,1,Both,Normal,00:00 - 23:59,00:15
5222,1,Both,Normal,00:00 - 23:59,00:15
5241,1,Both,Normal,00:00 - 23:59,00:15
5260,1,Both,Normal,00:00 - 23:59,00:15
5275,1,Both,Normal,00:00 - 23:59,00:15
5282,1,Both,Normal,00:00 - 23:59,00:15
5284,1,Both,Normal,00:00 - 23:59,00:15
5295,1,Both,Normal,00:00 - 23:59,00:15
5327,1,Both,Normal,00:00 - 23:59,00:15
5343,1,Both,Normal,00:00 - 23:59,00:15
5372,1,Both,Normal,00:00 - 23:59,00:15
5376,1,Both,Normal,00:00 - 23:59,00:15
5377,1,Both,Normal,00:00 - 23:59,00:15
5380,1,Both,Normal,00:00 - 23:59,00:15
5383,1,Both,Normal,00:00 - 23:59,00:15
5404,1,Both,Normal,00:00 - 23:59,00:15
5408,1,Both,Normal,00:00 - 23:59,00:15
5418,1,Both,Normal,00:00 - 23:59,00:15
5430,1,Both,Normal,00:00 - 23:59,00:15
5432,1,Both,Normal,00:00 - 23:59,00:15
5453,1,Both,Normal,00:00 - 23:59,00:15
5460,1,Both,Normal,00:00 - 23:59,00:15
5465,1,Both,Normal,00:00 - 23:59,00:15
5469,1,Both,Normal,00:00 - 23:59,00:15
5481,1,Both,Normal,00:00 - 23:59,00:15
5486,1,Both,Normal,00:00 - 23:59,00:15
5487,1,Both,Normal,00:00 - 23:59,00:15
5501,1,Both,Normal,00:00 - 23:59,00:15
5508,1,Both,Normal,00:00 - 23:59,00:15
5509,1,Both,Normal,00:00 - 23:59,00:15
5513,1,Both,Normal,00:00 - 23:59,00:15
5518,1,Both,Normal,00:00 - 23:59,00:15
5531,1,Both,Normal,00:00 - 23:59,00:15
5539,1,Both,Normal,00:00 - 23:59,00:15
5581,1,Both,Normal,00:00 - 23:59,00:15
5599,1,Both,Normal,00:00 - 23:59,00:15
5600,1,Both,Normal,00:00 - 23:59,00:15
5603,1,Both,Normal,00:00 - 23:59,00:15
5611,1,Both,Normal,00:00 - 23:59,00:15
5644,1,Both,Normal,00:00 - 23:59,00:15
5685,1,Both,Normal,00:00 - 23:59,00:15
5688,1,Both,Normal,00:00 - 23:59,00:15
5692,1,Both,Normal,00:00 - 23:59,00:15
5714,1,Both,Normal,00:00 - 23:59,00:15
5727,1,Both,Normal,00:00 - 23:59,00:15
5736,1,Both,Normal,00:00 - 23:59,00:15
5777,1,Both,Normal,00:00 - 23:59,00:15
5784,1,Both,Normal,00:00 - 23:59,00:15
5841,1,Both,Normal,00:00 - 23:59,00:15
5842,1,Both,Normal,00:00 - 23:59,00:15
5870,1,Both,Normal,00:00 - 23:59,00:15
5878,1,Both,Normal,00:00 - 23:59,00:15
5906,1,Both,Normal,00:00 - 23:59,00:15
5907,1,Both,Normal,00:00 - 23:59,00:15
5909,1,Both,Normal,00:00 - 23:59,00:15
5911,1,Both,Normal,00:00 - 23:59,00:15
5912,1,Both,Normal,00:00 - 23:59,00:15
5915,1,Both,Normal,00:00 - 23:59,00:15
5923,1,Both,Normal,00:00 - 23:59,00:15
5926,1,Both,Normal,00:00 - 23:59,00:15
5928,1,Both,Normal,00:00 - 23:59,00:15
5932,1,Both,Normal,00:00 - 23:59,00:15
5933,1,Both,Normal,00:00 - 23:59,00:15
5939,1,Both,Double Decker,00:00 - 23:59,00:15
5945,1,Both,Normal,00:00 - 23:59,00:15
5946,1,Both,Normal,00:00 - 23:59,00:15
5949,1,Both,Normal,00:00 - 23:59,00:15
5953,1,Both,Normal,00:00 - 23:59,00:15
5956,1,Both,Normal,00:00 - 23:59,00:15
5958,1,Both,Normal,00:00 - 23:59,00:15
5983,1,Both,Normal,00:00 - 23:59,00:15
5989,1,Both,Normal,00:00 - 23:59,00:15
6005,1,Both,Normal,00:00 - 23:59,00:15
6018,1,Both,Normal,00:00 - 23:59,00:15
6026,1,Both,Normal,00:00 - 23:59,00:15
6031,1,Both,Normal,00:00 - 23:59,00:15
6033,1,Both,Normal,00:00 - 23:59,00:15
6038,1,Both,Normal,00:00 - 23:59,00:15
6039,1,Both,Normal,00:00 - 23:59,00:15
6041,1,Both,Normal,00:00 - 23:59,00:15
6042,1,Both,Normal,00:00 - 23:59,00:15
6044,1,Both,Normal,00:00 - 23:59,00:15
6057,1,Both,Normal,00:00 - 23:59,00:15
6063,1,Both,Normal,00:00 - 23:59,00:15
6069,1,Both,Normal,00:00 - 23:59,00:15
6075,1,Both,Normal,00:00 - 23:59,00:15
6077,1,Both,Normal,00:00 - 23:59,00:15
6079,1,Both,Normal,00:00 - 23:59,00:15
6101,1,Both,Normal,00:00 - 23:59,00:15
6105,1,Both,Normal,00:00 - 23:59,00:15
6126,1,Both,Normal,00:00 - 23:59,00:15
6150,1,Both,Normal,00:00 - 23:59,00:15
6162,1,Both,Normal,00:00 - 23:59,00:15
6172,1,Both,Normal,00:00 - 23:59,00:15
6179,1,Both,Normal,00:00 - 23:59,00:15
6200,1,Both,Normal,00:00 - 23:59,00:15
6206,1,Both,Normal,00:00 - 23:59,00:15
6212,1,Both,Normal,00:00 - 23:59,00:15
6217,1,Both,Normal,00:00 - 23:59,00:15
6230,1,Both,Normal,00:00 - 23:59,00:15
6231,1,Both,Normal,00:00 - 23:59,00:15
6234,1,Both,Normal,00:00 - 23:59,00:15
6235,1,Both,Normal,00:00 - 23:59,00:15
6244,1,Both,Normal,00:00 - 23:59,00:15
6248,1,Both,Normal,00:00 - 23:59,00:15
6278,1,Both,Normal,00:00 - 23:59,00:15
6289,1,Both,Normal,00:00 - 23:59,00:15
6291,1,Both,Normal,00:00 - 23:59,00:15
6318,1,Both,Normal,00:00 - 23:59,00:15
6319,1,Both,Normal,00:00 - 23:59,00:15
6339,1,Both,Normal,00:00 - 23:59,00:15
6346,1,Both,Normal,00:00 - 23:59,00:15
6349,1,Both,Normal,00:00 - 23:59,00:15
6363,1,Both,Normal,00:00 - 23:59,00:15
6364,1,Both,Normal,00:00 - 23:59,00:15
6365,1,Both,Normal,00:00 - 23:59,00:15
6371,1,Both,Normal,00:00 - 23:59,00:15
6390,1,Both,Normal,00:00 - 23:59,00:15
6408,1,Both,Normal,00:00 - 23:59,00:15
6413,1,Both,Normal,00:00 - 23:59,00:15
6422,1,Both,Normal,00:00 - 23:59,00:15
6431,1,Both,Normal,00:00 - 23:59,00:15
6434,1,Both,Normal,00:00 - 23:59,00:15
6440,1,Both,Normal,00:00 - 23:59,00:15
6483,1,Both,Normal,00:00 - 23:59,00:15
6499,1,Both,Normal,00:00 - 23:59,00:15
6545,1,Both,Normal,00:00 - 23:59,00:15
6554,1,Both,Normal,00:00 - 23:59,00:15
6555,1,Both,Normal,00:00 - 23:59,00:15
6560,1,Both,Normal,00:00 - 23:59,00:15
6567,1,Both,Normal,00:00 - 23:59,00:15
6568,1,Both,Normal,00:00 - 23:59,00:15
6585,1,Both,Normal,00:00 - 23:59,00:15
6593,1,Both,Normal,00:00 - 23:59,00:15
6600,1,Both,Normal,00:00 - 23:59,00:15
6601,1,Both,Normal,00:00 - 23:59,00:15
6608,1,Both,Normal,00:00 - 23:59,00:15
6611,1,Both,Normal,00:00 - 23:59,00:15
6626,1,Both,Normal,00:00 - 23:59,00:15
6629,1,Both,Normal,00:00 - 23:59,00:15
6634,1,Both,Normal,00:00 - 23:59,00:15
6639,1,Both,Normal,00:00 - 23:59,00:15
6640,1,Both,Normal,00:00 - 23:59,00:15
6663,1,Both,Normal,00:00 - 23:59,00:15
6665,1,Both,Normal,00:00 - 23:59,00:15
6666,1,Both,Normal,00:00 - 23:59,00:15
6699,1,Both,Normal,00:00 - 23:59,00:15
6724,1,Both,Normal,00:00 - 23:59,00:15
6740,1,Both,Normal,00:00 - 23:59,00:15
6773,1,Both,Normal,00:00 - 23:59,00:15
6776,1,Both,Normal,00:00 - 23:59,00:15
6779,1,Both,Normal,00:00 - 23:59,00:15
6787,1,Both,Normal,00:00 - 23:59,00:15
6791,1,Both,Normal,00:00 - 23:59,00:15
6793,1,Both,Normal,00:00 - 23:59,00:15
6811,1,Both,Normal,00:00 - 23:59,00:15
6812,1,Both,Normal,00:00 - 23:59,00:15
6814,1,Both,Double Decker,00:00 - 23:59,00:15
6816,1,Both,Normal,00:00 - 23:59,00:15
6845,1,Both,Normal,00:00 - 23:59,00:15
6851,1,Both,Normal,00:00 - 23:59,00:15
6860,1,Both,Normal,00:00 - 23:59,00:15
6898,1,Both,Normal,00:00 - 23:59,00:15
6976,1,Both,Normal,00:00 - 23:59,00:15
6977,1,Both,Normal,00:00 - 23:59,00:15
6982,1,Both,Normal,00:00 - 23:59,00:15
6997,1,Both,Normal,00:00 - 23:59,00:15
57842,1,Both,Normal,00:00 - 23:59,00:15
57846,1,Both,Normal,00:00 - 23:59,00:15
57903,1,Both,Normal,00:00 - 23:59,00:15
57911,1,Both,Normal,00:00 - 23:59,00:15
57914,1,Both,Normal,00:00 - 23:59,00:15
57920,1,Both,Normal,00:00 - 23:59,00:15
57921,1,Both,Normal,00:00 - 23:59,00:15
57925,1,Both,Normal,00:00 - 23:59,00:15
57941,1,Both,Normal,00:00 - 23:59,00:15
57953,1,Both,Normal,00:00 - 23:59,00:15
57955,1,Both,Normal,00:00 - 23:59,00:15
57960,1,Both,Normal,00:00 - 23:59,00:15
57972,1,Both,Normal,00:00 - 23:59,00:15
57984,1,Both,Normal,00:00 - 23:59,00:15
57993,1,Both,Normal,00:00 - 23:59,00:15
57995,1,Both,Normal,00:00 - 23:59,00:15
57996,1,Both,Normal,00:00 - 23:59,00:15
58001,1,Both,Normal,00:00 - 23:59,00:15
58013,1,Both,Normal,00:00 - 23:59,00:15
58018,1,Both,Normal,00:00 - 23:59,00:15
58020,1,Both,Normal,00:00 - 23:59,00:15
58022,1,Both,Normal,00:00 - 23:59,00:15
380,1,Both,Normal,00:00 - 23:59,00:15
996,1,Both,Normal,00:00 - 23:59,00:15
3786,1,Both,Normal,00:00 - 23:59,00:15
1431100,1,Both,Normal,00:00 - 23:59,00:15
2232300,1,Both,Normal,00:00 - 23:59,00:15
5297700,1,Both,Normal,00:00 - 23:59,00:15
5644199,1,Both,Normal,00:00 - 23:59,00:15
5797002,1,Both,Normal,00:00 - 23:59,00:15
6092300,1,Both,Normal,00:00 - 23:59,00:15
6109400,1,Both,Normal,00:00 - 23:59,00:15
12022020,1,Both,Normal,00:00 - 23:59,00:15
13032020,1,Both,Normal,00:00 - 23:59,00:15
17052019,1,Both,Normal,00:00 - 23:59,00:15
23042020,1,Both,Normal,00:00 - 23:59,00:15